,mean,std
A Entropy,4.092736494381346,0.6615049091295556
AA: A Frequency,6.252424773837744,2.4493958813510672
AA: C Frequency,1.925935731217648,1.6896531608821652
AA: D Frequency,5.431240578588361,2.0780256665576498
AA: E Frequency,6.911010304291034,2.9466937751534914
AA: F Frequency,4.150301049779886,1.7799040398319164
AA: G Frequency,6.269723356393014,2.7654154366742154
AA: H Frequency,2.2914879783271247,1.3526748797677621
AA: I Frequency,5.139623627303952,1.8624775356473386
AA: K Frequency,6.706265347588408,2.764753576280082
AA: L Frequency,9.088472860529244,2.7875226078840503
AA: M Frequency,2.456400391853321,1.2854515511754128
AA: N Frequency,4.345484567751924,1.7286143082050525
AA: P Frequency,4.924971481786078,2.6003492550159386
AA: Q Frequency,3.51880150936094,1.776403180425521
AA: R Frequency,5.69648009288375,2.304921259062102
AA: S Frequency,9.288583595375162,3.0924746340451406
AA: T Frequency,5.123510497798849,1.786310742945617
AA: V Frequency,6.583475956654249,2.093551515356853
AA: W Frequency,1.1775887717091575,0.9162114843224515
AA: Y Frequency,2.718240917227033,1.4419195277793986
ASAInTripeptide aaScale - Window size:17 Average-Trimmed MAX,158.3712632252868,5.06938649355886
ASAInTripeptide aaScale - Window size:17 Average-Trimmed MIN,147.24394273330876,6.609531005868693
ASAInTripeptide aaScale - Window size:17 MAXIMUM ,170.76182919943784,4.840045297103942
ASAInTripeptide aaScale - Window size:17 MINIMUM ,135.84178802810447,9.837696513005554
ASAInTripeptide aaScale - Window size:17 Trimmed Average,162.02221529450443,4.874698906048804
ASAInTripeptide aaScale - Window size:7 Average-Trimmed MAX,156.47578874362043,4.983618957026623
ASAInTripeptide aaScale - Window size:7 Average-Trimmed MIN,139.25926322466384,6.49620973620596
ASAInTripeptide aaScale - Window size:7 MAXIMUM ,175.45028576957367,4.738205384192367
ASAInTripeptide aaScale - Window size:7 MINIMUM ,117.68644132221124,11.789499727455162
ASAInTripeptide aaScale - Window size:7 Trimmed Average,162.1284049634404,4.800722954467672
Aliphaticness,80.83405692205037,16.14216419417014
Aromaticity,0.08042378211020271,0.02818805902511622
Binary AutoCorrellation (C):  Lag:12,0.0024552371960422006,0.0034186783777010133
Binary AutoCorrellation (C):  Lag:2,0.004736960215262086,0.005972551631247832
Binary AutoCorrellation (C):  Lag:3,0.004736960215262086,0.005972551631247832
Binary AutoCorrellation (C):  Lag:4,0.0036946676420828535,0.0049463993378485085
Binary AutoCorrellation (C):  Lag:5,0.0036946676420828535,0.0049463993378485085
Binary AutoCorrellation (C):  Lag:6,0.003345777626178385,0.0044317065063799186
Binary AutoCorrellation (C):  Lag:8,0.0027154193384414473,0.0039976742875272924
Binary AutoCorrellation (C):  Lag:9,0.0027154193384414473,0.0039976742875272924
"Binary AutoCorrellation (K,R):  Lag:12",0.023938532682404225,0.012089597271567555
"Binary AutoCorrellation (K,R):  Lag:2",0.03161941776782061,0.016346602373825975
"Binary AutoCorrellation (K,R):  Lag:3",0.03161941776782061,0.016346602373825975
"Binary AutoCorrellation (K,R):  Lag:4",0.028564603852290312,0.01450171719208817
"Binary AutoCorrellation (K,R):  Lag:5",0.028564603852290312,0.01450171719208817
"Binary AutoCorrellation (K,R):  Lag:6",0.026854116564794864,0.013639950671740522
"Binary AutoCorrellation (K,R):  Lag:8",0.025637202211823654,0.01298346604428986
"Binary AutoCorrellation (K,R):  Lag:9",0.025637202211823654,0.01298346604428986
C Entropy,5.539135469218706,1.7613356798110977
Charge Composition:1,0.12402518020415074,0.03582393180496525
Charge Composition:2,0.7525478931836873,0.05990846885133738
Charge Composition:3,0.1234220405398868,0.040207866669696654
Charge Distribution1001,4.200588626578299,6.256504653451499
Charge Distribution1025,23.853133230129167,9.617479009146255
Charge Distribution1050,47.91457092061342,10.853702005451975
Charge Distribution1075,71.31725390643898,10.83914835794678
Charge Distribution1100,96.50297535194233,6.468427269432812
Charge Distribution2001,0.485240481834454,0.5416477707957376
Charge Distribution2025,24.434812877944946,2.3174956366813406
Charge Distribution2050,49.44413533452663,2.786839187390213
Charge Distribution2075,74.37243756954186,2.395892976342948
Charge Distribution2100,99.84690462483672,0.4734606638530193
Charge Distribution3001,5.8417986551207,8.795001786052737
Charge Distribution3025,25.91030179962266,11.077694843772775
Charge Distribution3050,48.93485723961104,11.643268392047123
Charge Distribution3075,71.36898766387692,11.535690792477133
Charge Distribution3100,95.77868158289391,7.874005243596055
Charge Transitions:12,0.17903321077838522,0.0441921069897941
Charge Transitions:13,0.029929611533065652,0.017752437277901316
Charge Transitions:23,0.1749701756083402,0.04742802695105867
Cysteine Spaced Motif:,0.1574669827294277,0.3642404866012533
D Entropy,4.273646568208843,0.6800902628249265
Dibasic Cleavage: Known Motif frequency,8.007879576432389,5.804114321911021
Dibasic Cleavage: Total Known Motif counts,7.206932417396352,6.644494566507049
Disorder Propensity Composition:1,0.49568455807653233,0.0595941337220085
Disorder Propensity Composition:2,0.35128965700740167,0.05833249021406884
Disorder Propensity Composition:3,0.15302651057036426,0.029676626593044313
Disorder Propensity Distribution1001,1.0805384838662861,1.3285340893356217
Disorder Propensity Distribution1025,24.526014585651396,3.4751083531852838
Disorder Propensity Distribution1050,49.553629335784436,4.126049672150401
Disorder Propensity Distribution1075,74.37146698272943,3.6471689401220364
Disorder Propensity Distribution1100,99.50567326205795,1.0686609771483762
Disorder Propensity Distribution2001,1.7036698031058004,2.107702172292679
Disorder Propensity Distribution2025,24.846919403995937,4.806690776272071
Disorder Propensity Distribution2050,49.37944697885927,5.742375370053949
Disorder Propensity Distribution2075,73.68417645493687,5.254242340801714
Disorder Propensity Distribution2100,99.10954351506942,1.9701556192042706
Disorder Propensity Distribution3001,1.4111716172415458,3.2996568783307882
Disorder Propensity Distribution3025,22.805894659184364,7.4759697558406
Disorder Propensity Distribution3050,47.63808018479996,8.836412614598627
Disorder Propensity Distribution3075,71.69975533355908,8.38915357195345
Disorder Propensity Distribution3100,97.39591163949493,4.521764013247555
Disorder Propensity Transitions:12,0.3418173044361666,0.044610441686175804
Disorder Propensity Transitions:13,0.1474947752890523,0.03351692869296498
Disorder Propensity Transitions:23,0.10696045184074307,0.029351399908182658
Disorder_3:  Mirror K-mer : AAAAA,3.8099663780175126,3.546529473854328
Disorder_3:  Mirror K-mer : AAAAC,4.1628157805621395,1.8980104396756408
Disorder_3:  Mirror K-mer : AAAAD,1.8636974505345651,1.2674898772511143
Disorder_3:  Mirror K-mer : AAACA,4.231638285520778,1.8996397888645926
Disorder_3:  Mirror K-mer : AAACC,2.886907019495912,1.2747202106033184
Disorder_3:  Mirror K-mer : AAACD,1.2200507958008804,0.7546299464548951
Disorder_3:  Mirror K-mer : AAADA,1.804737313144018,1.2514999456674498
Disorder_3:  Mirror K-mer : AAADC,1.175713076290455,0.7386498313325685
Disorder_3:  Mirror K-mer : AAADD,0.5485469982100529,0.5712047519170416
Disorder_3:  Mirror K-mer : AACAA,2.2481195878283584,1.172999640150038
Disorder_3:  Mirror K-mer : AACAC,2.774714817860771,1.2313794228220662
Disorder_3:  Mirror K-mer : AACAD,1.2393193362682018,0.7459540789706264
Disorder_3:  Mirror K-mer : AACCA,3.1572688791059944,1.4656955514355101
Disorder_3:  Mirror K-mer : AACCC,2.0293916598132653,1.1591681999527221
Disorder_3:  Mirror K-mer : AACCD,0.9378295679938078,0.6430375002454234
Disorder_3:  Mirror K-mer : AACDA,1.2764259106961444,0.7528369753825723
Disorder_3:  Mirror K-mer : AACDC,0.8441134923322529,0.6714456956646945
Disorder_3:  Mirror K-mer : AACDD,0.3868852498669633,0.4262519348396659
Disorder_3:  Mirror K-mer : AADAA,0.9231858642542692,0.7501378856660068
Disorder_3:  Mirror K-mer : AADAC,1.1409090029509938,0.6956492754697174
Disorder_3:  Mirror K-mer : AADAD,0.5442295970199797,0.579990746012753
Disorder_3:  Mirror K-mer : AADCA,1.210485704610324,0.7294030634460796
Disorder_3:  Mirror K-mer : AADCC,0.8616107106574428,0.619383485065353
Disorder_3:  Mirror K-mer : AADCD,0.3851661748343089,0.46418734927255834
Disorder_3:  Mirror K-mer : AADDA,0.5283358328092497,0.6265504575973654
Disorder_3:  Mirror K-mer : AADDC,0.36197668230854824,0.3925206437217131
Disorder_3:  Mirror K-mer : AADDD,0.20160901746408016,0.3610291049398492
Disorder_3:  Mirror K-mer : ACAAC,3.0536889845677515,1.5464646588747366
Disorder_3:  Mirror K-mer : ACAAD,1.2241732378694792,0.7516276581540314
Disorder_3:  Mirror K-mer : ACACA,1.3391342944221372,0.8971417790887332
Disorder_3:  Mirror K-mer : ACACC,2.037748778481931,1.0860313905184154
Disorder_3:  Mirror K-mer : ACACD,0.8092547530356538,0.6109891874759691
Disorder_3:  Mirror K-mer : ACADA,1.1464810604228146,0.7820036229532383
Disorder_3:  Mirror K-mer : ACADC,0.8949034879783271,0.6304872164123805
Disorder_3:  Mirror K-mer : ACADD,0.3568557399254995,0.4199061663806385
Disorder_3:  Mirror K-mer : ACCAC,2.156543950462,1.3184009317635124
Disorder_3:  Mirror K-mer : ACCAD,0.9458647380387982,0.6760624621306957
Disorder_3:  Mirror K-mer : ACCCA,1.0335486914034155,0.7064371922820563
Disorder_3:  Mirror K-mer : ACCCC,1.5026583135794107,1.2565984234344674
Disorder_3:  Mirror K-mer : ACCCD,0.6646466063567318,0.5635509396041182
Disorder_3:  Mirror K-mer : ACCDA,0.9364648541434861,0.6272549055380352
Disorder_3:  Mirror K-mer : ACCDC,0.6633527647428764,0.591387409893954
Disorder_3:  Mirror K-mer : ACCDD,0.30202626868559823,0.37664803264222213
Disorder_3:  Mirror K-mer : ACDAC,0.8961003338009771,0.6309510391252962
Disorder_3:  Mirror K-mer : ACDAD,0.38830946736974503,0.4484692908868152
Disorder_3:  Mirror K-mer : ACDCA,0.40528034444390687,0.420693265672629
Disorder_3:  Mirror K-mer : ACDCC,0.6269203231580475,0.5468760856347155
Disorder_3:  Mirror K-mer : ACDCD,0.27057544385854576,0.37408056411463547
Disorder_3:  Mirror K-mer : ACDDA,0.3631464370373954,0.39492965001612507
Disorder_3:  Mirror K-mer : ACDDC,0.28017198006869526,0.41241978584298095
Disorder_3:  Mirror K-mer : ACDDD,0.1308461129118088,0.2619063385394686
Disorder_3:  Mirror K-mer : ADAAC,1.1927025784916063,0.7636472687721202
Disorder_3:  Mirror K-mer : ADAAD,0.5335639301436796,0.6803063934673946
Disorder_3:  Mirror K-mer : ADACC,0.8709728605292439,0.6555724761093832
Disorder_3:  Mirror K-mer : ADACD,0.36478278748004445,0.4061072875578383
Disorder_3:  Mirror K-mer : ADADA,0.26881500653088863,0.4032142652223804
Disorder_3:  Mirror K-mer : ADADC,0.3767009336751972,0.41604881565506374
Disorder_3:  Mirror K-mer : ADADD,0.17614169609597988,0.3025050485305024
Disorder_3:  Mirror K-mer : ADCAC,0.836261429055198,0.6111596702813146
Disorder_3:  Mirror K-mer : ADCAD,0.38269169367713224,0.4174730378372577
Disorder_3:  Mirror K-mer : ADCCC,0.6482792317739828,0.5773938875938243
Disorder_3:  Mirror K-mer : ADCCD,0.29445382419815197,0.4296482968372431
Disorder_3:  Mirror K-mer : ADCDA,0.19823254801412607,0.29515442974382405
Disorder_3:  Mirror K-mer : ADCDC,0.2794182671375357,0.37088862133861195
Disorder_3:  Mirror K-mer : ADCDD,0.12942479802622034,0.24403593358376396
Disorder_3:  Mirror K-mer : ADDAC,0.3526053408156355,0.45561016461132536
Disorder_3:  Mirror K-mer : ADDAD,0.1789279667166562,0.3446309015610685
Disorder_3:  Mirror K-mer : ADDCC,0.2723699869382226,0.3407402788197684
Disorder_3:  Mirror K-mer : ADDCD,0.12292317739828744,0.24026833371954315
Disorder_3:  Mirror K-mer : ADDDA,0.09323496686178703,0.20783603911647844
Disorder_3:  Mirror K-mer : ADDDC,0.12761501620627932,0.24324159955365612
Disorder_3:  Mirror K-mer : ADDDD,0.09129916307870929,0.2853983719443853
Disorder_3:  Mirror K-mer : CAAAC,1.4933597794010933,0.80899742903056
Disorder_3:  Mirror K-mer : CAAAD,1.1910727589376422,0.7163607561069116
Disorder_3:  Mirror K-mer : CAACC,2.329520826278361,1.298691019851163
Disorder_3:  Mirror K-mer : CAACD,0.9286224662570751,0.6764433670952573
Disorder_3:  Mirror K-mer : CAADC,0.9021215712834404,0.6328960532179572
Disorder_3:  Mirror K-mer : CAADD,0.38074452131004793,0.4237538704741968
Disorder_3:  Mirror K-mer : CACAC,0.9640080305742343,0.7875754211546436
Disorder_3:  Mirror K-mer : CACAD,0.8249775047167528,0.6150468054595428
Disorder_3:  Mirror K-mer : CACCC,1.5434952348701079,1.215501328555195
Disorder_3:  Mirror K-mer : CACCD,0.6792494315707995,0.581520999926456
Disorder_3:  Mirror K-mer : CACDC,0.5935586086788255,0.5968972565704581
Disorder_3:  Mirror K-mer : CACDD,0.2682088433070485,0.3557744101449783
Disorder_3:  Mirror K-mer : CADAC,0.4364097044168158,0.4346436618392088
Disorder_3:  Mirror K-mer : CADAD,0.36741715446761164,0.42488667621386284
Disorder_3:  Mirror K-mer : CADCC,0.7228735910212374,0.5799870009959177
Disorder_3:  Mirror K-mer : CADCD,0.2953550868366311,0.38893039299551657
Disorder_3:  Mirror K-mer : CADDC,0.2742112137777563,0.34465082486664117
Disorder_3:  Mirror K-mer : CADDD,0.13164022059890668,0.2688580514817755
Disorder_3:  Mirror K-mer : CCAAD,0.9089930337187365,0.6391415985297471
Disorder_3:  Mirror K-mer : CCACC,0.8498009288375017,0.7615000743623986
Disorder_3:  Mirror K-mer : CCACD,0.6432809249673456,0.5613405142438778
Disorder_3:  Mirror K-mer : CCADC,0.7260906584103333,0.5945023756477122
Disorder_3:  Mirror K-mer : CCADD,0.28762082144066564,0.3672178605263742
Disorder_3:  Mirror K-mer : CCCAD,0.662144792220986,0.5942257327007543
Disorder_3:  Mirror K-mer : CCCCC,0.6436582652024574,1.0894320766456125
Disorder_3:  Mirror K-mer : CCCCD,0.5018910551013497,0.59455280872398
Disorder_3:  Mirror K-mer : CCCDC,0.49894683372841186,0.5916738572012887
Disorder_3:  Mirror K-mer : CCCDD,0.21664094625320499,0.3306361751246439
Disorder_3:  Mirror K-mer : CCDAD,0.29548110879976774,0.3898876804735947
Disorder_3:  Mirror K-mer : CCDCC,0.2698664796091142,0.3798819311649945
Disorder_3:  Mirror K-mer : CCDCD,0.21715083934013837,0.34483226463042915
Disorder_3:  Mirror K-mer : CCDDC,0.23736490735813456,0.3863378172368364
Disorder_3:  Mirror K-mer : CCDDD,0.10086280296066956,0.22699547158528566
Disorder_3:  Mirror K-mer : CDAAD,0.3804058826375115,0.4710666180384582
Disorder_3:  Mirror K-mer : CDACD,0.2934669343524745,0.36744103780978604
Disorder_3:  Mirror K-mer : CDADC,0.1493710996081467,0.25486123889413603
Disorder_3:  Mirror K-mer : CDADD,0.12845701707706447,0.24811759371427938
Disorder_3:  Mirror K-mer : CDCAD,0.2714302646219341,0.35754808754919826
Disorder_3:  Mirror K-mer : CDCCD,0.22210802573653915,0.3811754283948076
Disorder_3:  Mirror K-mer : CDCDC,0.10247617435053939,0.23250761152248384
Disorder_3:  Mirror K-mer : CDCDD,0.09745367906729234,0.2172138573453117
Disorder_3:  Mirror K-mer : CDDAD,0.12226912099076001,0.23800965414476047
Disorder_3:  Mirror K-mer : CDDCD,0.10307459726186444,0.24825560874340147
Disorder_3:  Mirror K-mer : CDDDC,0.04730274297324755,0.1431331920244585
Disorder_3:  Mirror K-mer : CDDDD,0.05915412897295728,0.19813786003383183
Disorder_3:  Mirror K-mer : DAAAD,0.2618405011852354,0.3604613970417811
Disorder_3:  Mirror K-mer : DAACD,0.37217962362730395,0.4098066145456979
Disorder_3:  Mirror K-mer : DAADD,0.17292438682211794,0.32033180127828886
Disorder_3:  Mirror K-mer : DACAD,0.18026921774466642,0.2804914199921962
Disorder_3:  Mirror K-mer : DACCD,0.2950140293164336,0.3628484786748902
Disorder_3:  Mirror K-mer : DACDD,0.1255556093077258,0.238094171076427
Disorder_3:  Mirror K-mer : DADAD,0.09711697547288474,0.25851807816308414
Disorder_3:  Mirror K-mer : DADCD,0.12933723574089304,0.26253057488461284
Disorder_3:  Mirror K-mer : DADDD,0.07530356538145226,0.21476170653074997
Disorder_3:  Mirror K-mer : DCACD,0.12785448212471578,0.24102702687721705
Disorder_3:  Mirror K-mer : DCADD,0.11959121474529535,0.23829071649648825
Disorder_3:  Mirror K-mer : DCCCD,0.10363214164771901,0.2181678671743017
Disorder_3:  Mirror K-mer : DCCDD,0.09635092641865416,0.22271712903927796
Disorder_3:  Mirror K-mer : DCDCD,0.0482668956509119,0.1593173905725195
Disorder_3:  Mirror K-mer : DCDDD,0.051103236418170384,0.17133439059930697
Disorder_3:  Mirror K-mer : DDADD,0.035377340235112,0.1355573268794293
Disorder_3:  Mirror K-mer : DDCDD,0.02545958105558512,0.11160758556490372
Disorder_3:  Mirror K-mer : DDDDD,0.040865705577862704,0.295998735185017
E Entropy,3.9637146251774547,0.7058273441517429
F Entropy,4.6648855404462495,0.8029691711941078
Flexibility (B-values): Min,0.9396517409368084,0.0100094218767012
Flexibility (B-values):Max,1.0707902214051892,0.0120722029024629
Flexibility (B-values):mean,1.0035311550817434,0.008647251674776271
G Entropy,4.0980986567025575,0.6588955685133404
GRAVY,-0.38168134100914325,0.3914163993591147
H Entropy,5.375811380958265,1.3205915154592305
Hydrophobicity Composition:1,0.3260934400851434,0.06333451928681418
Hydrophobicity Composition:2,0.3686894683372841,0.05758614738147758
Hydrophobicity Composition:3,0.30521460016448165,0.05669505707781982
Hydrophobicity Distribution1001,1.818935779594601,2.595529547717147
Hydrophobicity Distribution1025,25.35958792511248,5.633932101927139
Hydrophobicity Distribution1050,49.99802147936723,6.430089222709163
Hydrophobicity Distribution1075,74.20339407866092,5.806964207558279
Hydrophobicity Distribution1100,98.96592250012094,2.350302276785238
Hydrophobicity Distribution2001,1.4098997629529293,1.981021335505005
Hydrophobicity Distribution2025,23.872038193604567,4.76751742911434
Hydrophobicity Distribution2050,48.70214762227275,5.719292435312488
Hydrophobicity Distribution2075,73.41650865947462,5.024776745000745
Hydrophobicity Distribution2100,99.17991190556819,1.5619913964290923
Hydrophobicity Distribution3001,0.8282340235111991,1.642454017344491
Hydrophobicity Distribution3025,24.17532308548208,5.406409243107739
Hydrophobicity Distribution3050,48.86420908519182,6.4875168889207835
Hydrophobicity Distribution3075,73.25067918823473,6.0667313373544065
Hydrophobicity Distribution3100,98.82089083740506,2.5500067199784593
Hydrophobicity Transitions:12,0.2252996710367181,0.04345617422542883
Hydrophobicity Transitions:13,0.19512321609985003,0.04367839118094509
Hydrophobicity Transitions:23,0.22346042765226645,0.050051198391678015
I Entropy,4.359064343200631,0.6394773838124793
Instability index,46.48075540612452,12.953031613636178
K Entropy,3.9978664269870627,0.6712575295981944
L Entropy,3.533741059018972,0.5293981974222818
M Entropy,5.387479147867151,1.0208149668313073
Molecular Weight,45746.59386096464,36971.942532563546
Mutability aaScale - Window size:17 Average-Trimmed MAX,75.55044481161518,3.3292278504622184
Mutability aaScale - Window size:17 Average-Trimmed MIN,67.7830579457121,3.728423109603367
Mutability aaScale - Window size:17 MAXIMUM ,84.59150305761442,3.8402629307514706
Mutability aaScale - Window size:17 MINIMUM ,60.107329721081406,5.151326789938975
Mutability aaScale - Window size:17 Trimmed Average,78.10050718960805,3.4013613357019254
Mutability aaScale - Window size:7 Average-Trimmed MAX,74.12348202994265,3.3137977940769847
Mutability aaScale - Window size:7 Average-Trimmed MIN,61.8769672238591,3.709523767590165
Mutability aaScale - Window size:7 MAXIMUM ,88.17610938720222,3.672446223104736
Mutability aaScale - Window size:7 MINIMUM ,47.98404597192755,5.7423463470956975
Mutability aaScale - Window size:7 Trimmed Average,78.1463425739069,3.3753139798257688
N Entropy,4.5925641770460155,0.7146639929470779
Net Charge-PH: 3.5,48.63227471383056,38.81406839212313
Net Charge-PH: 4.5,22.55841819410298,19.69187021638577
Net Charge-PH: 5.5,7.300016431774826,15.311693966268637
Net Charge-PH: 6.81,-1.085857907351476,16.05205311260896
Net Charge-PH: 7.2,-2.3925109043839883,16.36910761292035
Net Charge-PH: 7.36,-2.8851412323378804,16.49365925543817
Net Charge-PH: 7.5,-3.340017207018242,16.611356316698867
Net Charge-PH: 8.1,-5.937015057522127,17.406551350875347
NormVDWV_3:  Mirror K-mer : AAAAA,1.6641011562091816,2.1912698888375233
NormVDWV_3:  Mirror K-mer : AAAAE,1.9556066469933722,1.347384136683702
NormVDWV_3:  Mirror K-mer : AAAAF,1.3272865366939188,1.1184803949888078
NormVDWV_3:  Mirror K-mer : AAAEA,1.8868337284117844,1.2961052721779167
NormVDWV_3:  Mirror K-mer : AAAEE,1.5661051714962992,0.9494828146797201
NormVDWV_3:  Mirror K-mer : AAAEF,1.0150899811329883,0.7113218283843944
NormVDWV_3:  Mirror K-mer : AAAFA,1.2311092835373227,1.0227616342822252
NormVDWV_3:  Mirror K-mer : AAAFE,0.987926805669779,0.7000631775624463
NormVDWV_3:  Mirror K-mer : AAAFF,0.7525465628174737,0.6866184924921371
NormVDWV_3:  Mirror K-mer : AAEAA,0.9260911421798655,0.7535377149274674
NormVDWV_3:  Mirror K-mer : AAEAE,1.5128895554158,0.9378481981368505
NormVDWV_3:  Mirror K-mer : AAEAF,1.0027538580620194,0.6680152473519481
NormVDWV_3:  Mirror K-mer : AAEEA,1.5315398384209762,1.0129707080701829
NormVDWV_3:  Mirror K-mer : AAEEE,1.408299550094335,0.8639631317528514
NormVDWV_3:  Mirror K-mer : AAEEF,0.9096393498137487,0.625577856279285
NormVDWV_3:  Mirror K-mer : AAEFA,0.9653154177349912,0.6622778824183497
NormVDWV_3:  Mirror K-mer : AAEFE,0.8858253108219245,0.657503980563128
NormVDWV_3:  Mirror K-mer : AAEFF,0.6486563301243288,0.5603089065890519
NormVDWV_3:  Mirror K-mer : AAFAA,0.6013264960572783,0.6149134012207148
NormVDWV_3:  Mirror K-mer : AAFAE,0.9586166610226887,0.654905751163159
NormVDWV_3:  Mirror K-mer : AAFAF,0.7375465628174738,0.6635206221944212
NormVDWV_3:  Mirror K-mer : AAFEA,0.9597404576459774,0.6632675865168208
NormVDWV_3:  Mirror K-mer : AAFEE,0.8835358715108123,0.6292487864701188
NormVDWV_3:  Mirror K-mer : AAFEF,0.6365751535968264,0.5695427599792418
NormVDWV_3:  Mirror K-mer : AAFFA,0.7127461177495041,0.7326391612613317
NormVDWV_3:  Mirror K-mer : AAFFE,0.6184737071259253,0.5250210398883759
NormVDWV_3:  Mirror K-mer : AAFFF,0.512552126167094,0.5580887823576746
NormVDWV_3:  Mirror K-mer : AEAAE,1.5021701901214264,1.0670022652874478
NormVDWV_3:  Mirror K-mer : AEAAF,0.9799521068163125,0.6923871767616282
NormVDWV_3:  Mirror K-mer : AEAEA,0.7753993517488269,0.6903118899884332
NormVDWV_3:  Mirror K-mer : AEAEE,1.378148372115524,0.8459707143656069
NormVDWV_3:  Mirror K-mer : AEAEF,0.8833150307193653,0.6273931238484778
NormVDWV_3:  Mirror K-mer : AEAFA,0.9843626336413334,0.7391349975566983
NormVDWV_3:  Mirror K-mer : AEAFE,0.8893292535436117,0.630436602377556
NormVDWV_3:  Mirror K-mer : AEAFF,0.637584296840985,0.5652180244082774
NormVDWV_3:  Mirror K-mer : AEEAE,1.3689202264041411,0.9712879767476438
NormVDWV_3:  Mirror K-mer : AEEAF,0.9078293261090415,0.698319807828918
NormVDWV_3:  Mirror K-mer : AEEEA,0.6957389579604276,0.5497816177077284
NormVDWV_3:  Mirror K-mer : AEEEE,1.3532318223598279,0.9736051151424754
NormVDWV_3:  Mirror K-mer : AEEEF,0.8906097914953316,0.6200739523865219
NormVDWV_3:  Mirror K-mer : AEEFA,0.8925264863818879,0.6128725890613416
NormVDWV_3:  Mirror K-mer : AEEFE,0.8676113879347879,0.6483999542836015
NormVDWV_3:  Mirror K-mer : AEEFF,0.6119333849354168,0.536515222632542
NormVDWV_3:  Mirror K-mer : AEFAE,0.8690994630158194,0.6218777009361108
NormVDWV_3:  Mirror K-mer : AEFAF,0.6178460161579025,0.5518291012326382
NormVDWV_3:  Mirror K-mer : AEFEA,0.4372260655023946,0.43739006539315134
NormVDWV_3:  Mirror K-mer : AEFEE,0.8364029316433651,0.6105150680753693
NormVDWV_3:  Mirror K-mer : AEFEF,0.6042450776450099,0.5447637014507287
NormVDWV_3:  Mirror K-mer : AEFFA,0.610104010449422,0.5195098954663635
NormVDWV_3:  Mirror K-mer : AEFFE,0.5938960379275314,0.5957532973643314
NormVDWV_3:  Mirror K-mer : AEFFF,0.4693495718639641,0.5045001494576123
NormVDWV_3:  Mirror K-mer : AFAAE,0.9638503217067389,0.6874313086532022
NormVDWV_3:  Mirror K-mer : AFAAF,0.7039499782303711,0.7552164064900083
NormVDWV_3:  Mirror K-mer : AFAEE,0.8899192104881235,0.6607818971825821
NormVDWV_3:  Mirror K-mer : AFAEF,0.6069870833534904,0.5402848810352796
NormVDWV_3:  Mirror K-mer : AFAFA,0.377693870640027,0.522135794739544
NormVDWV_3:  Mirror K-mer : AFAFE,0.6230015480625031,0.5530614904227158
NormVDWV_3:  Mirror K-mer : AFAFF,0.4977560350249142,0.5295395326790575
NormVDWV_3:  Mirror K-mer : AFEAE,0.8632693144985728,0.6226243907906749
NormVDWV_3:  Mirror K-mer : AFEAF,0.6187806588941028,0.5452953496587084
NormVDWV_3:  Mirror K-mer : AFEEE,0.866469208069276,0.6508380056366567
NormVDWV_3:  Mirror K-mer : AFEEF,0.6017364907358135,0.596754093127245
NormVDWV_3:  Mirror K-mer : AFEFA,0.3147266702143099,0.37829862039731227
NormVDWV_3:  Mirror K-mer : AFEFE,0.6036130327511974,0.5387143216444855
NormVDWV_3:  Mirror K-mer : AFEFF,0.45396521697063524,0.46910779962215965
NormVDWV_3:  Mirror K-mer : AFFAE,0.6049564607421024,0.5987383666892129
NormVDWV_3:  Mirror K-mer : AFFAF,0.47859053746795027,0.5768831970867985
NormVDWV_3:  Mirror K-mer : AFFEE,0.5901659329495428,0.5128453133829485
NormVDWV_3:  Mirror K-mer : AFFEF,0.45139083740506025,0.48274523237821865
NormVDWV_3:  Mirror K-mer : AFFFA,0.24772700885298246,0.34384812735683984
NormVDWV_3:  Mirror K-mer : AFFFE,0.45354119297566636,0.4661969080691454
NormVDWV_3:  Mirror K-mer : AFFFF,0.4033646170964152,0.560539518526701
NormVDWV_3:  Mirror K-mer : EAAAE,0.7685223259639108,0.5916345255769023
NormVDWV_3:  Mirror K-mer : EAAAF,0.9772120361859611,0.6561104197177801
NormVDWV_3:  Mirror K-mer : EAAEE,1.3797126408978762,0.9483370812298617
NormVDWV_3:  Mirror K-mer : EAAEF,0.8928714140583427,0.6886548056211769
NormVDWV_3:  Mirror K-mer : EAAFE,0.872817473755503,0.6033183081953906
NormVDWV_3:  Mirror K-mer : EAAFF,0.6309888249238063,0.5377815204050402
NormVDWV_3:  Mirror K-mer : EAEAE,0.6987259929369648,0.6267228993120356
NormVDWV_3:  Mirror K-mer : EAEAF,0.9027434570170771,0.6511063889304052
NormVDWV_3:  Mirror K-mer : EAEEE,1.34540225436602,0.9301069285136568
NormVDWV_3:  Mirror K-mer : EAEEF,0.879982826181607,0.6480613850535366
NormVDWV_3:  Mirror K-mer : EAEFE,0.8447486817280248,0.686765390530405
NormVDWV_3:  Mirror K-mer : EAEFF,0.6032693144985728,0.5461896615863313
NormVDWV_3:  Mirror K-mer : EAFAE,0.44520608582071497,0.44098516558167056
NormVDWV_3:  Mirror K-mer : EAFAF,0.6321888152484156,0.5614710001023928
NormVDWV_3:  Mirror K-mer : EAFEE,0.8675743795655748,0.6239912929944089
NormVDWV_3:  Mirror K-mer : EAFEF,0.6184591940399594,0.5531556760455193
NormVDWV_3:  Mirror K-mer : EAFFE,0.5908182961637077,0.5184620788619553
NormVDWV_3:  Mirror K-mer : EAFFF,0.46778796381403903,0.5006461938526618
NormVDWV_3:  Mirror K-mer : EEAAF,0.9044799477528905,0.6198741324122049
NormVDWV_3:  Mirror K-mer : EEAEE,0.6760529243868222,0.590236657611033
NormVDWV_3:  Mirror K-mer : EEAEF,0.8652972763775338,0.625831815417644
NormVDWV_3:  Mirror K-mer : EEAFE,0.8772773450728073,0.6283857456976559
NormVDWV_3:  Mirror K-mer : EEAFF,0.6012253882250497,0.536023088889069
NormVDWV_3:  Mirror K-mer : EEEAF,0.8824423104832858,0.657109522734549
NormVDWV_3:  Mirror K-mer : EEEEE,0.7353200135455468,0.9306914932510186
NormVDWV_3:  Mirror K-mer : EEEEF,0.9092673310434909,0.7900032900463164
NormVDWV_3:  Mirror K-mer : EEEFE,0.8945849257413766,0.7577437397546001
NormVDWV_3:  Mirror K-mer : EEEFF,0.6310388950703885,0.5896184259638577
NormVDWV_3:  Mirror K-mer : EEFAF,0.6104303129988875,0.5547405843099122
NormVDWV_3:  Mirror K-mer : EEFEE,0.4437395384838663,0.4707957311479035
NormVDWV_3:  Mirror K-mer : EEFEF,0.6372463838227468,0.5977296743427734
NormVDWV_3:  Mirror K-mer : EEFFE,0.6149102607517778,0.6422478186682213
NormVDWV_3:  Mirror K-mer : EEFFF,0.4734751584345217,0.5264746303051868
NormVDWV_3:  Mirror K-mer : EFAAF,0.6199112282908422,0.6055297880195413
NormVDWV_3:  Mirror K-mer : EFAEF,0.5887240578588361,0.5249193757833756
NormVDWV_3:  Mirror K-mer : EFAFE,0.2960386531856224,0.3590207936797355
NormVDWV_3:  Mirror K-mer : EFAFF,0.4413816457839485,0.45796124906526403
NormVDWV_3:  Mirror K-mer : EFEAF,0.5847706932417397,0.5298004982534364
NormVDWV_3:  Mirror K-mer : EFEEF,0.600337671133472,0.6519329313670957
NormVDWV_3:  Mirror K-mer : EFEFE,0.3162084562914228,0.4194096620259687
NormVDWV_3:  Mirror K-mer : EFEFF,0.4613830970925451,0.49899810400055183
NormVDWV_3:  Mirror K-mer : EFFAF,0.4429359972908906,0.47660302489817824
NormVDWV_3:  Mirror K-mer : EFFEF,0.45322916162740073,0.5720337609351599
NormVDWV_3:  Mirror K-mer : EFFFE,0.23042474964926707,0.329602297555144
NormVDWV_3:  Mirror K-mer : EFFFF,0.38642784577427314,0.5520306180871607
NormVDWV_3:  Mirror K-mer : FAAAF,0.34792366116781964,0.4144306853656402
NormVDWV_3:  Mirror K-mer : FAAEF,0.6048575298727688,0.520933388960993
NormVDWV_3:  Mirror K-mer : FAAFF,0.4674270717430216,0.5528854524108281
NormVDWV_3:  Mirror K-mer : FAEAF,0.3118538048473707,0.37381072359557144
NormVDWV_3:  Mirror K-mer : FAEEF,0.5933186589908568,0.5195628858718303
NormVDWV_3:  Mirror K-mer : FAEFF,0.4269737796913551,0.45738890726642845
NormVDWV_3:  Mirror K-mer : FAFAF,0.2602863915630593,0.4518160456224409
NormVDWV_3:  Mirror K-mer : FAFEF,0.43968748488220216,0.5030819909141414
NormVDWV_3:  Mirror K-mer : FAFFF,0.3783210778385177,0.500310415132281
NormVDWV_3:  Mirror K-mer : FEAEF,0.28651589182913256,0.3673897386868303
NormVDWV_3:  Mirror K-mer : FEAFF,0.4315693483624401,0.461414056110129
NormVDWV_3:  Mirror K-mer : FEEEF,0.3018051860093851,0.3772751240848729
NormVDWV_3:  Mirror K-mer : FEEFF,0.44107687097866577,0.535612249015226
NormVDWV_3:  Mirror K-mer : FEFEF,0.23238062986793095,0.3697842248498588
NormVDWV_3:  Mirror K-mer : FEFFF,0.3641006724396498,0.5009386504770869
NormVDWV_3:  Mirror K-mer : FFAFF,0.17820424749649266,0.3142247588193145
NormVDWV_3:  Mirror K-mer : FFEFF,0.17567219776498477,0.3151885568449824
NormVDWV_3:  Mirror K-mer : FFFFF,0.18506385757824972,0.47130012803611226
Normalized VDWV Composition:1,0.39216344153645205,0.055390048627449694
Normalized VDWV Composition:2,0.3558690193991582,0.047407253390564744
Normalized VDWV Composition:3,0.25196911131536937,0.042305811804370604
Normalized VDWV Distribution1001,1.3355520777901408,1.8506539701681215
Normalized VDWV Distribution1025,23.974333244642253,4.412419628441253
Normalized VDWV Distribution1050,48.773039112766675,5.2430631238019725
Normalized VDWV Distribution1075,73.51786952735716,4.60923180029386
Normalized VDWV Distribution1100,99.24110035798945,1.477873822795463
Normalized VDWV Distribution2001,1.6137151081224903,2.029809642816515
Normalized VDWV Distribution2025,25.161169125828454,4.7211966162890056
Normalized VDWV Distribution2050,49.79764822698468,5.616398405824907
Normalized VDWV Distribution2075,73.96696935320014,5.119945950634997
Normalized VDWV Distribution2100,99.0738978278748,1.9917331798480034
Normalized VDWV Distribution3001,0.9624248947801269,1.9880775618808346
Normalized VDWV Distribution3025,24.013623627303954,5.730617089214963
Normalized VDWV Distribution3050,49.05513659232741,6.886681390659192
Normalized VDWV Distribution3075,73.61964546949832,6.203967146956913
Normalized VDWV Distribution3100,98.70988348410818,2.5724128485014575
Normalized VDWV Transitions:12,0.2723570461032364,0.04141573013235859
Normalized VDWV Transitions:13,0.1891643606985632,0.037470787863803715
Normalized VDWV Transitions:23,0.17772715398384212,0.038935053914448646
P Entropy,4.455161306781453,0.8077159597044774
PI,7.2465449180010655,1.8555443559644325
Polarity Composition:1,0.3324006821150404,0.06001256534383198
Polarity Composition:2,0.3185917468917807,0.057335024240803445
Polarity Composition:3,0.34900800638575774,0.06352461278540954
Polarity Distribution1001,0.7854634512118427,1.4711623767850555
Polarity Distribution1025,24.475083546998214,5.150921549165349
Polarity Distribution1050,49.1751982487543,6.140905297585135
Polarity Distribution1075,73.55615192782157,5.639315815001072
Polarity Distribution1100,98.97762304678051,2.2250527618971834
Polarity Distribution2001,1.5720398384209762,2.2993929383944502
Polarity Distribution2025,23.482657007401674,5.359403723981638
Polarity Distribution2050,48.239584611291185,6.470961754902984
Polarity Distribution2075,72.97609544772871,5.713782802488975
Polarity Distribution2100,98.92549806492187,2.002826518344497
Polarity Distribution3001,1.7141098156838086,2.4007338623984915
Polarity Distribution3025,25.307495186493156,5.263837619642119
Polarity Distribution3050,50.02019449954042,6.0469841808136655
Polarity Distribution3075,74.29917660006772,5.419906850156321
Polarity Distribution3100,99.08599317884959,2.1252349248843867
Polarity Transitions:12,0.20933455081998933,0.04778815491997697
Polarity Transitions:13,0.22779110831599828,0.04724664501249581
Polarity Transitions:23,0.20729771177011275,0.042159760446289614
Polarizability Composition:1,0.32365105703642794,0.04901408409793602
Polarizability Composition:2,0.42438060567945435,0.04485329700133467
Polarizability Composition:3,0.25196911131536937,0.042305811804370604
Polarizability Distribution1001,1.5491418896037927,2.268027166694332
Polarizability Distribution1025,23.862786028735908,4.884347914435747
Polarizability Distribution1050,48.54474014319578,5.848946430867083
Polarizability Distribution1075,73.16327212036187,5.278813241786311
Polarizability Distribution1100,98.9489730056601,2.0090721740708717
Polarizability Distribution2001,1.3982895118765422,1.638582042662888
Polarizability Distribution2025,25.015691040588262,3.835899167675311
Polarizability Distribution2050,49.83513228677858,4.471416806878667
Polarizability Distribution2075,74.25776556528469,3.9963052521816267
Polarizability Distribution2100,99.34681072517053,1.3593452660267997
Polarizability Distribution3001,0.9624248947801269,1.9880775618808346
Polarizability Distribution3025,24.013623627303954,5.730617089214963
Polarizability Distribution3050,49.05513659232741,6.886681390659192
Polarizability Distribution3075,73.61964546949832,6.203967146956913
Polarizability Distribution3100,98.70988348410818,2.5724128485014575
Polarizability Transitions:12,0.26812532049731513,0.041268064056712274
Polarizability Transitions:13,0.1559242416912583,0.03351277602007111
Polarizability Transitions:23,0.21096304000774033,0.040439424985439794
Potential N-Glycosylation Sites:Frequency,0.5411129118088144,0.5152352119801753
Q Entropy,4.895627382575302,0.9157502490509104
R Entropy,4.222571521369362,0.6690489430614753
S Entropy,3.507501946660177,0.5221659894322387
Secondary Str Composition:1,0.4292146727299115,0.0572672730164642
Secondary Str Composition:2,0.2681867350394272,0.048870081866985146
Secondary Str Composition:3,0.3025980600841759,0.05150482630593822
Secondary Str Distribution1001,0.6908042184703206,1.1093741600463205
Secondary Str Distribution1025,24.85579113250448,4.301046507579362
Secondary Str Distribution1050,49.89609772144551,5.092665737864979
Secondary Str Distribution1075,74.40907551642398,4.543077933645425
Secondary Str Distribution1100,99.35654697402158,1.3848129059156713
Secondary Str Distribution2001,2.043585554641769,2.6144765178814775
Secondary Str Distribution2025,24.6718708335349,5.443955184318364
Secondary Str Distribution2050,49.10138505635915,6.538652276226927
Secondary Str Distribution2075,73.27682339993227,6.053291148651139
Secondary Str Distribution2100,98.73383643752118,2.4561773872032737
Secondary Str Distribution3001,1.773183977553094,2.544403951945427
Secondary Str Distribution3025,23.542916138551597,5.409378816585406
Secondary Str Distribution3050,48.20620845629143,6.518055901744719
Secondary Str Distribution3075,72.91172284843502,5.822590680916191
Secondary Str Distribution3100,98.89099695225194,2.1202836987250304
Secondary Str Transitions:12,0.22328474674664986,0.042085632621573006
Secondary Str Transitions:13,0.24218779933239806,0.03915305026462211
Secondary Str Transitions:23,0.16199337235740893,0.036833758367881844
SecondaryStr_3:  Mirror K-mer : AAAAA,2.4855144888974894,2.4640494561760082
SecondaryStr_3:  Mirror K-mer : AAAAC,2.166452034250883,1.3189713615816065
SecondaryStr_3:  Mirror K-mer : AAAAD,2.2670485220840795,1.3545287596519746
SecondaryStr_3:  Mirror K-mer : AAACA,2.1197520681147504,1.2989761466350447
SecondaryStr_3:  Mirror K-mer : AAACC,1.1711927337816264,0.8089020230272389
SecondaryStr_3:  Mirror K-mer : AAACD,1.2322904068501768,0.766047880783082
SecondaryStr_3:  Mirror K-mer : AAADA,2.0947252189057135,1.2990317973696026
SecondaryStr_3:  Mirror K-mer : AAADC,1.204461564510667,0.7479642014336894
SecondaryStr_3:  Mirror K-mer : AAADD,1.367797397319917,0.8685276698326655
SecondaryStr_3:  Mirror K-mer : AACAA,1.0634911228290844,0.780052279876284
SecondaryStr_3:  Mirror K-mer : AACAC,1.0626646025833293,0.7742738856546556
SecondaryStr_3:  Mirror K-mer : AACAD,1.250940689855353,0.7409793303903183
SecondaryStr_3:  Mirror K-mer : AACCA,1.132833196265299,0.8847316817566874
SecondaryStr_3:  Mirror K-mer : AACCC,0.6832552851821393,0.6703776977561863
SecondaryStr_3:  Mirror K-mer : AACCD,0.8043038556431715,0.6028418162381305
SecondaryStr_3:  Mirror K-mer : AACDA,1.1633907406511539,0.7227242149603315
SecondaryStr_3:  Mirror K-mer : AACDC,0.7194023027429732,0.6215126290859404
SecondaryStr_3:  Mirror K-mer : AACDD,0.8517318949252575,0.6190817769380512
SecondaryStr_3:  Mirror K-mer : AADAA,1.0104820763388322,0.7565877591554847
SecondaryStr_3:  Mirror K-mer : AADAC,1.170504087852547,0.7136129889596521
SecondaryStr_3:  Mirror K-mer : AADAD,1.237102946156451,0.8336204441123534
SecondaryStr_3:  Mirror K-mer : AADCA,1.1335581249092932,0.7065675926940539
SecondaryStr_3:  Mirror K-mer : AADCC,0.7701731894925257,0.5997543149120357
SecondaryStr_3:  Mirror K-mer : AADCD,0.7880504087852547,0.6174233731134429
SecondaryStr_3:  Mirror K-mer : AADDA,1.2234139615886992,0.9097927071076036
SecondaryStr_3:  Mirror K-mer : AADDC,0.8142999854869141,0.588476608683913
SecondaryStr_3:  Mirror K-mer : AADDD,1.021099608146679,0.8057614486096628
SecondaryStr_3:  Mirror K-mer : ACAAC,1.1509791495331623,0.9403396447442768
SecondaryStr_3:  Mirror K-mer : ACAAD,1.164359247254608,0.730384081161892
SecondaryStr_3:  Mirror K-mer : ACACA,0.5196886943060326,0.5411235794216317
SecondaryStr_3:  Mirror K-mer : ACACC,0.6689702965507233,0.6245300853639094
SecondaryStr_3:  Mirror K-mer : ACACD,0.6905979391417929,0.5722632785707908
SecondaryStr_3:  Mirror K-mer : ACADA,1.1889918242949062,0.8037767085603119
SecondaryStr_3:  Mirror K-mer : ACADC,0.7589666682792318,0.598030875673359
SecondaryStr_3:  Mirror K-mer : ACADD,0.8351964104300712,0.6298479696576748
SecondaryStr_3:  Mirror K-mer : ACCAC,0.6629396255623821,0.6905488854718322
SecondaryStr_3:  Mirror K-mer : ACCAD,0.7665105703642784,0.6546454018545008
SecondaryStr_3:  Mirror K-mer : ACCCA,0.3355493203038073,0.4166081086177119
SecondaryStr_3:  Mirror K-mer : ACCCC,0.4715260509893087,0.6615757248302396
SecondaryStr_3:  Mirror K-mer : ACCCD,0.5120722267911567,0.5042546034035958
SecondaryStr_3:  Mirror K-mer : ACCDA,0.7700757099317886,0.5922245297553483
SecondaryStr_3:  Mirror K-mer : ACCDC,0.5188314546949833,0.5306334199927889
SecondaryStr_3:  Mirror K-mer : ACCDD,0.5922275168109912,0.5202104429350948
SecondaryStr_3:  Mirror K-mer : ACDAC,0.7427538580620192,0.5867791381641442
SecondaryStr_3:  Mirror K-mer : ACDAD,0.7531464370373954,0.59147363851163
SecondaryStr_3:  Mirror K-mer : ACDCA,0.33923733733249484,0.3897410803970644
SecondaryStr_3:  Mirror K-mer : ACDCC,0.49697450534565335,0.5023119296927362
SecondaryStr_3:  Mirror K-mer : ACDCD,0.5200810313966427,0.5085786687554037
SecondaryStr_3:  Mirror K-mer : ACDDA,0.790868608195056,0.5794818120834562
SecondaryStr_3:  Mirror K-mer : ACDDC,0.5716332059406898,0.6152304902160671
SecondaryStr_3:  Mirror K-mer : ACDDD,0.6681996516859368,0.5913117771733313
SecondaryStr_3:  Mirror K-mer : ADAAC,1.120220115137149,0.722755104212009
SecondaryStr_3:  Mirror K-mer : ADAAD,1.2101223936916452,0.9428100977806657
SecondaryStr_3:  Mirror K-mer : ADACC,0.7478090077886893,0.609083439323693
SecondaryStr_3:  Mirror K-mer : ADACD,0.7856683276087272,0.584042517406032
SecondaryStr_3:  Mirror K-mer : ADADA,0.6217251221518069,0.621305504816375
SecondaryStr_3:  Mirror K-mer : ADADC,0.7751332785061197,0.5985068381288611
SecondaryStr_3:  Mirror K-mer : ADADD,0.9218405011852353,0.7209024852324212
SecondaryStr_3:  Mirror K-mer : ADCAC,0.6782913260122876,0.5841034244804637
SecondaryStr_3:  Mirror K-mer : ADCAD,0.7918431619176624,0.5941049222804867
SecondaryStr_3:  Mirror K-mer : ADCCC,0.5109764888007353,0.5376147174523237
SecondaryStr_3:  Mirror K-mer : ADCCD,0.5769379807459726,0.5907273271746752
SecondaryStr_3:  Mirror K-mer : ADCDA,0.38636858400657925,0.40469396780014033
SecondaryStr_3:  Mirror K-mer : ADCDC,0.525,0.5076014733238811
SecondaryStr_3:  Mirror K-mer : ADCDD,0.6348860722751681,0.5400998894697219
SecondaryStr_3:  Mirror K-mer : ADDAC,0.7882405302114073,0.6421819214560394
SecondaryStr_3:  Mirror K-mer : ADDAD,0.8757950752261623,0.7915820296211938
SecondaryStr_3:  Mirror K-mer : ADDCC,0.5815025881669973,0.5121851031372793
SecondaryStr_3:  Mirror K-mer : ADDCD,0.6168717043200619,0.5520483824907956
SecondaryStr_3:  Mirror K-mer : ADDDA,0.4683960621160079,0.46469984098426426
SecondaryStr_3:  Mirror K-mer : ADDDC,0.6520862561075904,0.5431727308677116
SecondaryStr_3:  Mirror K-mer : ADDDD,0.960285665908761,0.9877972229371962
SecondaryStr_3:  Mirror K-mer : CAAAC,0.6003838711237967,0.5296643358242288
SecondaryStr_3:  Mirror K-mer : CAAAD,1.1401274732717335,0.698414616708915
SecondaryStr_3:  Mirror K-mer : CAACC,0.7268363891442118,0.7071370292092323
SecondaryStr_3:  Mirror K-mer : CAACD,0.7209922113105317,0.6327316432625754
SecondaryStr_3:  Mirror K-mer : CAADC,0.7341352619612017,0.579064102465387
SecondaryStr_3:  Mirror K-mer : CAADD,0.7940520536016643,0.5923168927494197
SecondaryStr_3:  Mirror K-mer : CACAC,0.3120325576895167,0.429629224987785
SecondaryStr_3:  Mirror K-mer : CACAD,0.7069924048183446,0.5939277503195647
SecondaryStr_3:  Mirror K-mer : CACCC,0.45348435005563353,0.5936497149165282
SecondaryStr_3:  Mirror K-mer : CACCD,0.5015289536065018,0.5150074186425808
SecondaryStr_3:  Mirror K-mer : CACDC,0.4610979149533163,0.5231865867713295
SecondaryStr_3:  Mirror K-mer : CACDD,0.5486976924193315,0.5696013296223578
SecondaryStr_3:  Mirror K-mer : CADAC,0.3887467950268492,0.41730787275233533
SecondaryStr_3:  Mirror K-mer : CADAD,0.7657568574331187,0.5933434974148666
SecondaryStr_3:  Mirror K-mer : CADCC,0.5365945043781143,0.5243619692791998
SecondaryStr_3:  Mirror K-mer : CADCD,0.5325136664892844,0.5078336887074864
SecondaryStr_3:  Mirror K-mer : CADDC,0.5667599535581249,0.5054735164002087
SecondaryStr_3:  Mirror K-mer : CADDD,0.6744078660925934,0.5992216795327493
SecondaryStr_3:  Mirror K-mer : CCAAD,0.7126822601712544,0.5774916120176908
SecondaryStr_3:  Mirror K-mer : CCACC,0.23674036089207107,0.37230000480306
SecondaryStr_3:  Mirror K-mer : CCACD,0.4757370228822989,0.4898755540557603
SecondaryStr_3:  Mirror K-mer : CCADC,0.5246538628997146,0.5238411399052597
SecondaryStr_3:  Mirror K-mer : CCADD,0.577726041313918,0.5308427302740818
SecondaryStr_3:  Mirror K-mer : CCCAD,0.5126082434328286,0.5468825643923796
SecondaryStr_3:  Mirror K-mer : CCCCC,0.18742465289536064,0.4931846649126878
SecondaryStr_3:  Mirror K-mer : CCCCD,0.39487663876929024,0.550875272091786
SecondaryStr_3:  Mirror K-mer : CCCDC,0.3751095737990421,0.49591224028657654
SecondaryStr_3:  Mirror K-mer : CCCDD,0.44731507909631846,0.5076665725545239
SecondaryStr_3:  Mirror K-mer : CCDAD,0.5455483527647429,0.5276139975180005
SecondaryStr_3:  Mirror K-mer : CCDCC,0.2009900343476368,0.336698872526096
SecondaryStr_3:  Mirror K-mer : CCDCD,0.40443737603405727,0.46115658149961075
SecondaryStr_3:  Mirror K-mer : CCDDC,0.4321501136858401,0.5238222441963835
SecondaryStr_3:  Mirror K-mer : CCDDD,0.5158272459000531,0.5666796579201974
SecondaryStr_3:  Mirror K-mer : CDAAD,0.7426636350442649,0.6285710035235744
SecondaryStr_3:  Mirror K-mer : CDACD,0.5273992549949204,0.4951433318372238
SecondaryStr_3:  Mirror K-mer : CDADC,0.2599010691306662,0.3417917745201307
SecondaryStr_3:  Mirror K-mer : CDADD,0.6093140148033477,0.5320303242438779
SecondaryStr_3:  Mirror K-mer : CDCAD,0.5114167190750326,0.5046384413890738
SecondaryStr_3:  Mirror K-mer : CDCCD,0.41005394030283976,0.5317406192880054
SecondaryStr_3:  Mirror K-mer : CDCDC,0.19401431957815296,0.35013681035963135
SecondaryStr_3:  Mirror K-mer : CDCDD,0.46180010642929714,0.5002897384134034
SecondaryStr_3:  Mirror K-mer : CDDAD,0.6003512166803735,0.5365978049749622
SecondaryStr_3:  Mirror K-mer : CDDCD,0.4622323545063132,0.5635050436397236
SecondaryStr_3:  Mirror K-mer : CDDDC,0.2311881379710706,0.3290347228455604
SecondaryStr_3:  Mirror K-mer : CDDDD,0.6801102994533404,0.7805755493297051
SecondaryStr_3:  Mirror K-mer : DAAAD,0.6208086207730638,0.5323514774922716
SecondaryStr_3:  Mirror K-mer : DAACD,0.7714595326786319,0.5799281460106028
SecondaryStr_3:  Mirror K-mer : DAADD,0.8823818392917614,0.7713790312151269
SecondaryStr_3:  Mirror K-mer : DACAD,0.40923782110202706,0.41254024168814923
SecondaryStr_3:  Mirror K-mer : DACCD,0.5713937400222534,0.5117050670830657
SecondaryStr_3:  Mirror K-mer : DACDD,0.6265509651202168,0.5470378429139124
SecondaryStr_3:  Mirror K-mer : DADAD,0.4633996903874994,0.5699204328927413
SecondaryStr_3:  Mirror K-mer : DADCD,0.6050602293067582,0.5847895771957248
SecondaryStr_3:  Mirror K-mer : DADDD,0.842782642349185,0.8524222868600971
SecondaryStr_3:  Mirror K-mer : DCACD,0.2604141067195589,0.35267061692012497
SecondaryStr_3:  Mirror K-mer : DCADD,0.6163139180494412,0.5388003115026753
SecondaryStr_3:  Mirror K-mer : DCCCD,0.2132608485317595,0.31690531761868035
SecondaryStr_3:  Mirror K-mer : DCCDD,0.4891986357699191,0.5721648896897962
SecondaryStr_3:  Mirror K-mer : DCDCD,0.22503507329108413,0.3799449831192249
SecondaryStr_3:  Mirror K-mer : DCDDD,0.6091478399690388,0.6921686659379949
SecondaryStr_3:  Mirror K-mer : DDADD,0.39370059503652455,0.49016915058687477
SecondaryStr_3:  Mirror K-mer : DDCDD,0.29610299453340433,0.420441865347102
SecondaryStr_3:  Mirror K-mer : DDDDD,0.6698792995017173,1.271558087715435
Sequence Length,409.06170480383145,331.0275048671121
Solvent Accessibility Composition:1,0.40587825939722316,0.06228813042236363
Solvent Accessibility Composition:2,0.3260934400851434,0.06333451928681418
Solvent Accessibility Composition:3,0.2680321948623676,0.04903054747171982
Solvent Accessibility Distribution1001,1.3999171544676114,1.7398158306698341
Solvent Accessibility Distribution1025,25.136906221276185,4.497904542071867
Solvent Accessibility Distribution1050,49.65378726234822,5.177108062818679
Solvent Accessibility Distribution1075,73.96427016109526,4.5980301781176705
Solvent Accessibility Distribution1100,99.26575383387355,1.54803823853855
Solvent Accessibility Distribution2001,1.818935779594601,2.595529547717147
Solvent Accessibility Distribution2025,25.35958792511248,5.633932101927139
Solvent Accessibility Distribution2050,49.99802147936723,6.430089222709163
Solvent Accessibility Distribution2075,74.20339407866092,5.806964207558279
Solvent Accessibility Distribution2100,98.96592250012094,2.350302276785238
Solvent Accessibility Distribution3001,0.8578878380339606,1.7242749436067442
Solvent Accessibility Distribution3025,22.389100357989456,6.042472831236065
Solvent Accessibility Distribution3050,47.41384862851338,7.506948979454597
Solvent Accessibility Distribution3075,72.36637141405834,6.689159474352407
Solvent Accessibility Distribution3100,98.70998947801267,2.4447643928187714
Solvent Accessibility Transitions:12,0.25719026655701227,0.04768167007712177
Solvent Accessibility Transitions:13,0.21401306177736923,0.04485467343175241
Solvent Accessibility Transitions:23,0.16323653911276667,0.03782786873894888
SolventA_3:  Mirror K-mer : AAAAA,1.565821682550433,2.1728501749919844
SolventA_3:  Mirror K-mer : AAAAD,1.7231943302210828,1.1561053871167777
SolventA_3:  Mirror K-mer : AAAAH,1.5956366407043683,1.3993078967645656
SolventA_3:  Mirror K-mer : AAADA,1.7647140922064724,1.1420973712272855
SolventA_3:  Mirror K-mer : AAADD,1.4379480915291956,0.8955139114547194
SolventA_3:  Mirror K-mer : AAADH,1.050357747569058,0.7163176441153029
SolventA_3:  Mirror K-mer : AAAHA,1.6295880702433363,1.3943103533447798
SolventA_3:  Mirror K-mer : AAAHD,1.0187170432006192,0.7026422683161078
SolventA_3:  Mirror K-mer : AAAHH,0.9804499056649411,0.8165702883062996
SolventA_3:  Mirror K-mer : AADAA,1.0021389869865998,0.7629160387216695
SolventA_3:  Mirror K-mer : AADAD,1.2890844661603214,0.8401643769680797
SolventA_3:  Mirror K-mer : AADAH,1.0778247302984856,0.7098761795998003
SolventA_3:  Mirror K-mer : AADDA,1.683304145904891,1.0979807535326767
SolventA_3:  Mirror K-mer : AADDD,1.191017367326206,0.8643349591552881
SolventA_3:  Mirror K-mer : AADDH,0.8863352039088579,0.6347135151810206
SolventA_3:  Mirror K-mer : AADHA,1.1691579991292147,0.7597020762703051
SolventA_3:  Mirror K-mer : AADHD,0.7767548739780369,0.634904417543238
SolventA_3:  Mirror K-mer : AADHH,0.6938764452614775,0.5686079754744653
SolventA_3:  Mirror K-mer : AAHAA,0.8518187315562864,0.8228930910341808
SolventA_3:  Mirror K-mer : AAHAD,1.0069776498476128,0.6765746769121931
SolventA_3:  Mirror K-mer : AAHAH,1.0043756954187024,0.8200167877621557
SolventA_3:  Mirror K-mer : AAHDA,1.111149194523729,0.7186767982384421
SolventA_3:  Mirror K-mer : AAHDD,0.8089461080741134,0.602654966870053
SolventA_3:  Mirror K-mer : AAHDH,0.6787825939722317,0.5890555496862688
SolventA_3:  Mirror K-mer : AAHHA,1.0097373131440182,0.8970266105594535
SolventA_3:  Mirror K-mer : AAHHD,0.6497133665521745,0.5322966329655318
SolventA_3:  Mirror K-mer : AAHHH,0.7098751874606937,0.6769598080268092
SolventA_3:  Mirror K-mer : ADAAD,1.5283851773015336,1.0771122007976563
SolventA_3:  Mirror K-mer : ADAAH,1.0780806443810167,0.7329249155376479
SolventA_3:  Mirror K-mer : ADADA,0.607365633012433,0.6150345755919038
SolventA_3:  Mirror K-mer : ADADD,1.1525920371535001,0.8181840812321751
SolventA_3:  Mirror K-mer : ADADH,0.7507616951284408,0.6015458516964465
SolventA_3:  Mirror K-mer : ADAHA,1.0022732330317838,0.770096901132042
SolventA_3:  Mirror K-mer : ADAHD,0.8281483721155243,0.6261988967118041
SolventA_3:  Mirror K-mer : ADAHH,0.6668680760485705,0.572644301271558
SolventA_3:  Mirror K-mer : ADDAD,1.346551690774515,1.0383043242683334
SolventA_3:  Mirror K-mer : ADDAH,0.952857384741909,0.7165726731098645
SolventA_3:  Mirror K-mer : ADDDA,0.6051613371389869,0.5584191568747235
SolventA_3:  Mirror K-mer : ADDDD,1.131904116878719,1.0790374935712461
SolventA_3:  Mirror K-mer : ADDDH,0.6999990324609356,0.5664513037167431
SolventA_3:  Mirror K-mer : ADDHA,0.8827265250834503,0.6264560276787048
SolventA_3:  Mirror K-mer : ADDHD,0.7091766242562044,0.6111345932619582
SolventA_3:  Mirror K-mer : ADDHH,0.5510345411445987,0.502665380211471
SolventA_3:  Mirror K-mer : ADHAD,0.8732664118813798,0.6344244067599297
SolventA_3:  Mirror K-mer : ADHAH,0.7109668134100914,0.5906163910357295
SolventA_3:  Mirror K-mer : ADHDA,0.37366382855207786,0.4066926005756703
SolventA_3:  Mirror K-mer : ADHDD,0.6629826810507474,0.564613150668306
SolventA_3:  Mirror K-mer : ADHDH,0.5100701465821683,0.5082938980286249
SolventA_3:  Mirror K-mer : ADHHA,0.6628706884040444,0.5349989772265936
SolventA_3:  Mirror K-mer : ADHHD,0.5175240675342268,0.5567532838161148
SolventA_3:  Mirror K-mer : ADHHH,0.4902723622466256,0.5084241555899482
SolventA_3:  Mirror K-mer : AHAAD,1.0954262009578635,0.7415884299641584
SolventA_3:  Mirror K-mer : AHAAH,0.9899310628416621,0.9375953366586803
SolventA_3:  Mirror K-mer : AHADD,0.8579026171931693,0.6494807830126345
SolventA_3:  Mirror K-mer : AHADH,0.6541144598713172,0.5551038477662037
SolventA_3:  Mirror K-mer : AHAHA,0.5099271926854047,0.5783585050143483
SolventA_3:  Mirror K-mer : AHAHD,0.7055391611436311,0.5729169893954065
SolventA_3:  Mirror K-mer : AHAHH,0.7025651879444633,0.6447171374043003
SolventA_3:  Mirror K-mer : AHDAD,0.8256005998742199,0.6306164093239284
SolventA_3:  Mirror K-mer : AHDAH,0.6983000338638672,0.5683319307012383
SolventA_3:  Mirror K-mer : AHDDD,0.7028827826423492,0.620426086342373
SolventA_3:  Mirror K-mer : AHDDH,0.5309010207537129,0.5592406178221947
SolventA_3:  Mirror K-mer : AHDHA,0.3554199119539452,0.3946984569948941
SolventA_3:  Mirror K-mer : AHDHD,0.529786899521068,0.5187789000696597
SolventA_3:  Mirror K-mer : AHDHH,0.4687789657007401,0.46788322833220747
SolventA_3:  Mirror K-mer : AHHAD,0.677571960717914,0.6163482768923402
SolventA_3:  Mirror K-mer : AHHAH,0.6904368438875719,0.6955893113910042
SolventA_3:  Mirror K-mer : AHHDD,0.5349968554980408,0.4969534768990955
SolventA_3:  Mirror K-mer : AHHDH,0.4596398335832809,0.4841867995719588
SolventA_3:  Mirror K-mer : AHHHA,0.3447102220502152,0.40970983260343835
SolventA_3:  Mirror K-mer : AHHHD,0.48544361666102265,0.4842334689906285
SolventA_3:  Mirror K-mer : AHHHH,0.6414217986551208,0.8040959803238077
SolventA_3:  Mirror K-mer : DAAAD,0.7284662086981762,0.5844545765961984
SolventA_3:  Mirror K-mer : DAAAH,1.0726619418509022,0.6938990779418976
SolventA_3:  Mirror K-mer : DAADD,1.4062357892699917,1.0131979968264908
SolventA_3:  Mirror K-mer : DAADH,0.9079945334042863,0.7024270527067947
SolventA_3:  Mirror K-mer : DAAHD,0.8800299937109962,0.6240801922608993
SolventA_3:  Mirror K-mer : DAAHH,0.704334575008466,0.5664873950515772
SolventA_3:  Mirror K-mer : DADAD,0.5291618692854724,0.5842095138749838
SolventA_3:  Mirror K-mer : DADAH,0.7684025930046926,0.6195201979612306
SolventA_3:  Mirror K-mer : DADDD,1.1260026123554738,1.0389169644363827
SolventA_3:  Mirror K-mer : DADDH,0.7122335639301438,0.6034711557689111
SolventA_3:  Mirror K-mer : DADHD,0.6433089836002128,0.6175242848223859
SolventA_3:  Mirror K-mer : DADHH,0.5156153548449519,0.5063903113107557
SolventA_3:  Mirror K-mer : DAHAD,0.40509651202167285,0.42465573010755275
SolventA_3:  Mirror K-mer : DAHAH,0.6966450582942286,0.5901387203809455
SolventA_3:  Mirror K-mer : DAHDD,0.7396011320207053,0.6033926890777882
SolventA_3:  Mirror K-mer : DAHDH,0.5400486188379856,0.5213736262842639
SolventA_3:  Mirror K-mer : DAHHD,0.5220161095254221,0.4770446613803105
SolventA_3:  Mirror K-mer : DAHHH,0.5030068695273571,0.5186240162254551
SolventA_3:  Mirror K-mer : DDAAH,0.9176641188137973,0.6432210771342962
SolventA_3:  Mirror K-mer : DDADD,0.653068792027478,0.6649750874458381
SolventA_3:  Mirror K-mer : DDADH,0.726387934787867,0.5986762587500124
SolventA_3:  Mirror K-mer : DDAHD,0.7892436263364132,0.638056218674075
SolventA_3:  Mirror K-mer : DDAHH,0.5717471336655217,0.5126428223051384
SolventA_3:  Mirror K-mer : DDDAH,0.7262447390063373,0.6325753222216666
SolventA_3:  Mirror K-mer : DDDDD,0.8196391079289828,1.5005830258377577
SolventA_3:  Mirror K-mer : DDDDH,0.7341908954574041,0.8226182356264324
SolventA_3:  Mirror K-mer : DDDHD,0.6826121135890861,0.7497751330751576
SolventA_3:  Mirror K-mer : DDDHH,0.4941243771467273,0.552894496125866
SolventA_3:  Mirror K-mer : DDHAH,0.5685573992549948,0.5395405227576828
SolventA_3:  Mirror K-mer : DDHDD,0.35863310918678337,0.4568861543988541
SolventA_3:  Mirror K-mer : DDHDH,0.47321755115862807,0.5244121823871583
SolventA_3:  Mirror K-mer : DDHHD,0.462857626626675,0.5558136672158078
SolventA_3:  Mirror K-mer : DDHHH,0.43056818731556296,0.5162341954034945
SolventA_3:  Mirror K-mer : DHAAH,0.7000602293067583,0.6311464955495617
SolventA_3:  Mirror K-mer : DHADH,0.5366078080402495,0.5162643912313861
SolventA_3:  Mirror K-mer : DHAHD,0.28330172705722995,0.3586074001383774
SolventA_3:  Mirror K-mer : DHAHH,0.4975576895167143,0.4894967471310232
SolventA_3:  Mirror K-mer : DHDAH,0.49929127763533443,0.4972127098106213
SolventA_3:  Mirror K-mer : DHDDH,0.46033476851627886,0.5779664582054895
SolventA_3:  Mirror K-mer : DHDHD,0.2404133810652605,0.3830694644364885
SolventA_3:  Mirror K-mer : DHDHH,0.3889579604276522,0.46811570535716107
SolventA_3:  Mirror K-mer : DHHAH,0.4862365149242901,0.5008054790965378
SolventA_3:  Mirror K-mer : DHHDH,0.37594818828310195,0.5229377922107569
SolventA_3:  Mirror K-mer : DHHHD,0.19274200570848046,0.30174390197164125
SolventA_3:  Mirror K-mer : DHHHH,0.4640065792656378,0.6502808484819728
SolventA_3:  Mirror K-mer : HAAAH,0.4904532920516666,0.5109279483666087
SolventA_3:  Mirror K-mer : HAADH,0.6949141309080354,0.5629738828675631
SolventA_3:  Mirror K-mer : HAAHH,0.6918605776208214,0.6970460087531128
SolventA_3:  Mirror K-mer : HADAH,0.3326159837453438,0.3862146709805868
SolventA_3:  Mirror K-mer : HADDH,0.5535414348604325,0.5050160563075143
SolventA_3:  Mirror K-mer : HADHH,0.4668934739490107,0.47269118188705245
SolventA_3:  Mirror K-mer : HAHAH,0.3710480866915002,0.4914691206286117
SolventA_3:  Mirror K-mer : HAHDH,0.5008608678825407,0.5475807984431772
SolventA_3:  Mirror K-mer : HAHHH,0.6110035798945382,0.7475728332773871
SolventA_3:  Mirror K-mer : HDADH,0.2587482463354458,0.33364842192573085
SolventA_3:  Mirror K-mer : HDAHH,0.4720775482560108,0.4757619397679136
SolventA_3:  Mirror K-mer : HDDDH,0.22871341492912775,0.33518845524674196
SolventA_3:  Mirror K-mer : HDDHH,0.389473658748972,0.5102409586427733
SolventA_3:  Mirror K-mer : HDHDH,0.2119672488026704,0.36480080336336645
SolventA_3:  Mirror K-mer : HDHHH,0.4189877122538822,0.5632889488833903
SolventA_3:  Mirror K-mer : HHAHH,0.2906051956847757,0.4294107941799887
SolventA_3:  Mirror K-mer : HHDHH,0.19722848435005566,0.34039710081741914
SolventA_3:  Mirror K-mer : HHHHH,0.45585651395675103,1.1981061182317116
SubSequence(segment-0)  aaScale:4Atch_1 Average,0.867541874648034,0.09271916795421564
SubSequence(segment-0)  aaScale:4Atch_1 Maximum,1.4933638382274683,0.14706310159473712
SubSequence(segment-0)  aaScale:4Atch_1 Minimum,0.2623560011610469,0.12132948666636173
SubSequence(segment-0)  aaScale:4Atch_2 Average,0.8735721018848444,0.08329168049690823
SubSequence(segment-0)  aaScale:4Atch_2 Maximum,1.600551255381936,0.1883158485548624
SubSequence(segment-0)  aaScale:4Atch_2 Minimum,0.2584108557883025,0.1060378641228569
SubSequence(segment-0)  aaScale:4Atch_3 Average,1.9501759429675019,0.197112924576549
SubSequence(segment-0)  aaScale:4Atch_3 Maximum,3.8032107735474816,0.5475737654960379
SubSequence(segment-0)  aaScale:4Atch_3 Minimum,0.8085260026123555,0.1833151928827446
SubSequence(segment-0)  aaScale:4Atch_4 Average,0.741195867854018,0.07346932047411626
SubSequence(segment-0)  aaScale:4Atch_4 Maximum,1.3574648106042282,0.16049363760273802
SubSequence(segment-0)  aaScale:4Atch_4 Minimum,0.26015160853369457,0.08778140472189577
SubSequence(segment-0)  aaScale:4Atch_5 Average,1.4564139637362996,0.13292366202776693
SubSequence(segment-0)  aaScale:4Atch_5 Maximum,2.6078043394127035,0.2815375080077387
SubSequence(segment-0)  aaScale:4Atch_5 Minimum,0.4866453292051666,0.18996195175567232
SubSequence(segment-0)  aaScale:4TOP_IDP Average,0.10357455205456247,0.07400408105884984
SubSequence(segment-0)  aaScale:4TOP_IDP Maximum,0.6376135745730734,0.138587142057406
SubSequence(segment-0)  aaScale:4TOP_IDP Minimum,-0.40600615838614484,0.12363076701985604
SubSequence(segment-0)  aaScale:4hp Average,-0.3727030263815411,0.5195424514415895
SubSequence(segment-0)  aaScale:4hp Maximum,3.1812873107251707,0.740306749095668
SubSequence(segment-0)  aaScale:4hp Minimum,-3.5648643026462192,0.5517293693505567
SubSequence(segment-0)  aaScale:4hw Average,0.09881898671018402,0.3363949704094432
SubSequence(segment-0)  aaScale:4hw Maximum,2.4177137051908475,0.546723938967244
SubSequence(segment-0)  aaScale:4hw Minimum,-1.80517972038121,0.3940211337363925
SubSequence(segment-0)  aaScale:4sa Average,1.0286878098059393,0.05994184431357864
SubSequence(segment-0)  aaScale:4sa Maximum,1.4104263702772,0.0765072613002564
SubSequence(segment-0)  aaScale:4sa Minimum,0.6424606695370325,0.07851594758501074
SubSequence(segment-1)  aaScale:4Atch_1 Average,0.867541874648034,0.09271916795421564
SubSequence(segment-1)  aaScale:4Atch_1 Maximum,1.4933638382274683,0.14706310159473712
SubSequence(segment-1)  aaScale:4Atch_1 Minimum,0.2623560011610469,0.12132948666636173
SubSequence(segment-1)  aaScale:4Atch_2 Average,0.8735721018848444,0.08329168049690823
SubSequence(segment-1)  aaScale:4Atch_2 Maximum,1.600551255381936,0.1883158485548624
SubSequence(segment-1)  aaScale:4Atch_2 Minimum,0.2584108557883025,0.1060378641228569
SubSequence(segment-1)  aaScale:4Atch_3 Average,1.9501759429675019,0.197112924576549
SubSequence(segment-1)  aaScale:4Atch_3 Maximum,3.8032107735474816,0.5475737654960379
SubSequence(segment-1)  aaScale:4Atch_3 Minimum,0.8085260026123555,0.1833151928827446
SubSequence(segment-1)  aaScale:4Atch_4 Average,0.741195867854018,0.07346932047411626
SubSequence(segment-1)  aaScale:4Atch_4 Maximum,1.3574648106042282,0.16049363760273802
SubSequence(segment-1)  aaScale:4Atch_4 Minimum,0.26015160853369457,0.08778140472189577
SubSequence(segment-1)  aaScale:4Atch_5 Average,1.4564139637362996,0.13292366202776693
SubSequence(segment-1)  aaScale:4Atch_5 Maximum,2.6078043394127035,0.2815375080077387
SubSequence(segment-1)  aaScale:4Atch_5 Minimum,0.4866453292051666,0.18996195175567232
SubSequence(segment-1)  aaScale:4TOP_IDP Average,0.10357455205456247,0.07400408105884984
SubSequence(segment-1)  aaScale:4TOP_IDP Maximum,0.6376135745730734,0.138587142057406
SubSequence(segment-1)  aaScale:4TOP_IDP Minimum,-0.40600615838614484,0.12363076701985604
SubSequence(segment-1)  aaScale:4hp Average,-0.3727030263815411,0.5195424514415895
SubSequence(segment-1)  aaScale:4hp Maximum,3.1812873107251707,0.740306749095668
SubSequence(segment-1)  aaScale:4hp Minimum,-3.5648643026462192,0.5517293693505567
SubSequence(segment-1)  aaScale:4hw Average,0.09881898671018402,0.3363949704094432
SubSequence(segment-1)  aaScale:4hw Maximum,2.4177137051908475,0.546723938967244
SubSequence(segment-1)  aaScale:4hw Minimum,-1.80517972038121,0.3940211337363925
SubSequence(segment-1)  aaScale:4sa Average,1.0286878098059393,0.05994184431357864
SubSequence(segment-1)  aaScale:4sa Maximum,1.4104263702772,0.0765072613002564
SubSequence(segment-1)  aaScale:4sa Minimum,0.6424606695370325,0.07851594758501074
T Entropy,4.356412538315109,0.5736818793211924
Total Entropy,4.049972501366049,0.12992018436593777
V Entropy,3.9927034345739227,0.5311809943434139
Volume aaScale - Window size:17 Average-Trimmed MAX,80.67859894341885,2.8717928853254255
Volume aaScale - Window size:17 Average-Trimmed MIN,74.44434391071117,3.7867304922995855
Volume aaScale - Window size:17 MAXIMUM ,87.52640058440633,2.6452607492922735
Volume aaScale - Window size:17 MINIMUM ,67.9667337392966,5.5820189474674455
Volume aaScale - Window size:17 Trimmed Average,82.72350279751653,2.7382607934053036
Volume aaScale - Window size:7 Average-Trimmed MAX,79.60804676025057,2.8200611551788013
Volume aaScale - Window size:7 Average-Trimmed MIN,69.86613258974319,3.6717790041174134
Volume aaScale - Window size:7 MAXIMUM ,90.24559804280668,2.6078646688325526
Volume aaScale - Window size:7 MINIMUM ,57.69791426221692,6.347496075273688
Volume aaScale - Window size:7 Trimmed Average,82.80604030965067,2.7011167279757227
W Entropy,5.732312757419595,2.282709057559185
Y Entropy,5.189160633762797,1.1641711594225461
anyDISORDER_4,0.9143002273716802,0.27992020577259896
disordered_window_0,0.5591892022640415,0.49648427803440703
disordered_window_1,0.47310241400996567,0.4992759956856615
disordered_window_2,0.4633544579362392,0.49865529601805403
disordered_window_3,0.4851482753616177,0.49977937760102287
gg_1 aaScale - Window size:17 Average-Trimmed MAX,-0.40931285727372096,0.3289458482568726
gg_1 aaScale - Window size:17 Average-Trimmed MIN,-0.9934057370318207,0.38924542300954346
gg_1 aaScale - Window size:17 MAXIMUM ,0.2396249974538446,0.34499043958669384
gg_1 aaScale - Window size:17 MINIMUM ,-1.6028752078299373,0.5197455550428511
gg_1 aaScale - Window size:17 Trimmed Average,-0.21760104357907017,0.3251517793191887
gg_1 aaScale - Window size:7 Average-Trimmed MAX,-0.5172608841758467,0.324553212994874
gg_1 aaScale - Window size:7 Average-Trimmed MIN,-1.4349335885302648,0.36226911692488856
gg_1 aaScale - Window size:7 MAXIMUM ,0.510225747596702,0.34556456679357317
gg_1 aaScale - Window size:7 MINIMUM ,-2.5053796899728398,0.5019582224848792
gg_1 aaScale - Window size:7 Trimmed Average,-0.21587915249916528,0.32656100432801394
gg_10 aaScale - Window size:17 Average-Trimmed MAX,-0.2129249726418327,0.18974311390113968
gg_10 aaScale - Window size:17 Average-Trimmed MIN,-0.7110733106837707,0.2197099988905913
gg_10 aaScale - Window size:17 MAXIMUM ,0.39863085464571524,0.23671268740199403
gg_10 aaScale - Window size:17 MINIMUM ,-1.1707681480411154,0.3160776146390738
gg_10 aaScale - Window size:17 Trimmed Average,-0.04919365394747521,0.19424594571418807
gg_10 aaScale - Window size:7 Average-Trimmed MAX,-0.32274373930510075,0.18128642449425492
gg_10 aaScale - Window size:7 Average-Trimmed MIN,-1.0674078490503467,0.206597223147256
gg_10 aaScale - Window size:7 MAXIMUM ,0.6171617241546127,0.24390567279749556
gg_10 aaScale - Window size:7 MINIMUM ,-1.8734633060809827,0.35805272646943176
gg_10 aaScale - Window size:7 Trimmed Average,-0.07763374968090664,0.18762457943543936
gg_11 aaScale - Window size:17 Average-Trimmed MAX,-0.2796610342880951,0.25637809010247076
gg_11 aaScale - Window size:17 Average-Trimmed MIN,-0.8772802345460157,0.31373443076761237
gg_11 aaScale - Window size:17 MAXIMUM ,0.41292162901751506,0.2858874158151418
gg_11 aaScale - Window size:17 MINIMUM ,-1.4729379880661695,0.4640405925365679
gg_11 aaScale - Window size:17 Trimmed Average,-0.08344242123341719,0.2542396554934215
gg_11 aaScale - Window size:7 Average-Trimmed MAX,-0.3966679056052265,0.2477436353018166
gg_11 aaScale - Window size:7 Average-Trimmed MIN,-1.3108942216649784,0.3081683975477949
gg_11 aaScale - Window size:7 MAXIMUM ,0.6613924960434564,0.2912677393709163
gg_11 aaScale - Window size:7 MINIMUM ,-2.436192872001493,0.5626533850706207
gg_11 aaScale - Window size:7 Trimmed Average,-0.0961949190235647,0.2459424246716269
gg_2 aaScale - Window size:17 Average-Trimmed MAX,-0.17435229881402597,0.30675807245796555
gg_2 aaScale - Window size:17 Average-Trimmed MIN,-0.8070459449515983,0.36885985256422654
gg_2 aaScale - Window size:17 MAXIMUM ,0.5560506905332668,0.3219250707314576
gg_2 aaScale - Window size:17 MINIMUM ,-1.4227519961858592,0.5062382658526992
gg_2 aaScale - Window size:17 Trimmed Average,0.03338059452819893,0.30498600870773707
gg_2 aaScale - Window size:7 Average-Trimmed MAX,-0.2827493842141886,0.3017855180321184
gg_2 aaScale - Window size:7 Average-Trimmed MIN,-1.2494421309991768,0.3537196275746531
gg_2 aaScale - Window size:7 MAXIMUM ,0.8214089787625176,0.31349209243183923
gg_2 aaScale - Window size:7 MINIMUM ,-2.372004706386449,0.5603330720418006
gg_2 aaScale - Window size:7 Trimmed Average,0.034854471522359626,0.3018471257135606
gg_3 aaScale - Window size:17 Average-Trimmed MAX,-0.334403494667241,0.2363398433287472
gg_3 aaScale - Window size:17 Average-Trimmed MIN,-0.8733865824385324,0.29233348544474985
gg_3 aaScale - Window size:17 MAXIMUM ,0.27689322012914097,0.23833315719450177
gg_3 aaScale - Window size:17 MINIMUM ,-1.416307492587505,0.4230097714301739
gg_3 aaScale - Window size:17 Trimmed Average,-0.15751283906365676,0.23156849443627955
gg_3 aaScale - Window size:7 Average-Trimmed MAX,-0.4346330665165618,0.23109852732088534
gg_3 aaScale - Window size:7 Average-Trimmed MIN,-1.267762190413411,0.2785687303372598
gg_3 aaScale - Window size:7 MAXIMUM ,0.513568560509202,0.23847006200972432
gg_3 aaScale - Window size:7 MINIMUM ,-2.2378655397140235,0.4541746163756257
gg_3 aaScale - Window size:7 Trimmed Average,-0.16095480390470748,0.22858253208423615
gg_4 aaScale - Window size:17 Average-Trimmed MAX,0.7036917913367111,0.22673258705409038
gg_4 aaScale - Window size:17 Average-Trimmed MIN,0.18180968216116822,0.2795976103306737
gg_4 aaScale - Window size:17 MAXIMUM ,1.2947848168454918,0.23740181461938056
gg_4 aaScale - Window size:17 MINIMUM ,-0.3580899123867916,0.41696062383784943
gg_4 aaScale - Window size:17 Trimmed Average,0.8750229504909002,0.22372051049318242
gg_4 aaScale - Window size:7 Average-Trimmed MAX,0.6037937584578333,0.22311010594055264
gg_4 aaScale - Window size:7 Average-Trimmed MIN,-0.21533960937659194,0.2868119822834288
gg_4 aaScale - Window size:7 MAXIMUM ,1.5190780734915028,0.2373010900487315
gg_4 aaScale - Window size:7 MINIMUM ,-1.2711149505518429,0.5283101257975292
gg_4 aaScale - Window size:7 Trimmed Average,0.8728638641726906,0.21785900034249617
gg_5 aaScale - Window size:17 Average-Trimmed MAX,-0.15547711992613344,0.2750648542852435
gg_5 aaScale - Window size:17 Average-Trimmed MIN,-0.7943303387110354,0.478591766810442
gg_5 aaScale - Window size:17 MAXIMUM ,0.44933635731726895,0.1736982247779169
gg_5 aaScale - Window size:17 MINIMUM ,-1.549451959139298,0.8322220013356479
gg_5 aaScale - Window size:17 Trimmed Average,0.05365146831401405,0.23214011808834725
gg_5 aaScale - Window size:7 Average-Trimmed MAX,-0.22031921290650108,0.2761620485069174
gg_5 aaScale - Window size:7 Average-Trimmed MIN,-1.2840795316926858,0.5257310656372675
gg_5 aaScale - Window size:7 MAXIMUM ,0.6498221801419518,0.14109199708934433
gg_5 aaScale - Window size:7 MINIMUM ,-2.987889140756201,1.2159743644319863
gg_5 aaScale - Window size:7 Trimmed Average,0.12740583473085826,0.21988331002335842
gg_6 aaScale - Window size:17 Average-Trimmed MAX,-0.29778776133646817,0.2517376905113531
gg_6 aaScale - Window size:17 Average-Trimmed MIN,-0.8837213324429841,0.2763106145339698
gg_6 aaScale - Window size:17 MAXIMUM ,0.4256440444469624,0.36043731078886565
gg_6 aaScale - Window size:17 MINIMUM ,-1.4258196062402448,0.410094005050714
gg_6 aaScale - Window size:17 Trimmed Average,-0.10511653745855645,0.26469977530959
gg_6 aaScale - Window size:7 Average-Trimmed MAX,-0.43090787772628664,0.2372980366954966
gg_6 aaScale - Window size:7 Average-Trimmed MIN,-1.2703271844333228,0.2521613631557315
gg_6 aaScale - Window size:7 MAXIMUM ,0.6667449567026269,0.3779199867937984
gg_6 aaScale - Window size:7 MINIMUM ,-2.1888694997131943,0.4582506572816955
gg_6 aaScale - Window size:7 Trimmed Average,-0.15426444495219843,0.25433422500714525
gg_7 aaScale - Window size:17 Average-Trimmed MAX,-0.1724895616373271,0.2755335541856242
gg_7 aaScale - Window size:17 Average-Trimmed MIN,-0.8734516233162826,0.4449686866186099
gg_7 aaScale - Window size:17 MAXIMUM ,0.5613432581145975,0.24617838512836077
gg_7 aaScale - Window size:17 MINIMUM ,-1.6644307472775237,0.790135050461793
gg_7 aaScale - Window size:17 Trimmed Average,0.057283283989643934,0.24918241945848985
gg_7 aaScale - Window size:7 Average-Trimmed MAX,-0.2746885413498029,0.2762382693134324
gg_7 aaScale - Window size:7 Average-Trimmed MIN,-1.385252696941044,0.4716328176067544
gg_7 aaScale - Window size:7 MAXIMUM ,0.8350452324512603,0.23188160989687923
gg_7 aaScale - Window size:7 MINIMUM ,-2.9634316191766246,0.9885831582534549
gg_7 aaScale - Window size:7 Trimmed Average,0.08950991794191815,0.24269906113637627
gg_8 aaScale - Window size:17 Average-Trimmed MAX,-0.2513282819506696,0.21175787471117427
gg_8 aaScale - Window size:17 Average-Trimmed MIN,-0.8358106755526598,0.2523252766852977
gg_8 aaScale - Window size:17 MAXIMUM ,0.42373301435840716,0.23352975489506592
gg_8 aaScale - Window size:17 MINIMUM ,-1.4137428488837656,0.39071329154582346
gg_8 aaScale - Window size:17 Trimmed Average,-0.059435695138740904,0.2127519671856057
gg_8 aaScale - Window size:7 Average-Trimmed MAX,-0.3664017579056518,0.20793736860776704
gg_8 aaScale - Window size:7 Average-Trimmed MIN,-1.287698105186799,0.24660055297232644
gg_8 aaScale - Window size:7 MAXIMUM ,0.6937406442427971,0.23208301340548526
gg_8 aaScale - Window size:7 MINIMUM ,-2.3448496167854205,0.45765691627210353
gg_8 aaScale - Window size:7 Trimmed Average,-0.06369591937022541,0.21020246229460754
gg_9 aaScale - Window size:17 Average-Trimmed MAX,-0.1204504743372486,0.18202287602644632
gg_9 aaScale - Window size:17 Average-Trimmed MIN,-0.5960623387830901,0.23339453885400202
gg_9 aaScale - Window size:17 MAXIMUM ,0.41631460232871376,0.1912591460689467
gg_9 aaScale - Window size:17 MINIMUM ,-1.08651719076624,0.37826451691126084
gg_9 aaScale - Window size:17 Trimmed Average,0.03564943281285097,0.1782828657242567
gg_9 aaScale - Window size:7 Average-Trimmed MAX,-0.2097376050196473,0.17753091003375276
gg_9 aaScale - Window size:7 Average-Trimmed MIN,-0.9555996684498645,0.2312980214093481
gg_9 aaScale - Window size:7 MAXIMUM ,0.6191070305535015,0.19188588219541827
gg_9 aaScale - Window size:7 MINIMUM ,-1.9111288762033767,0.4755742827107386
gg_9 aaScale - Window size:7 Trimmed Average,0.03524023718801927,0.1747541456603492
hp aaScale - Window size:17 Average-Trimmed MAX,-0.6305126266731811,0.404141503896888
hp aaScale - Window size:17 Average-Trimmed MIN,-1.3797583909297477,0.46218372080650966
hp aaScale - Window size:17 MAXIMUM ,0.21988567284703456,0.44326414390654467
hp aaScale - Window size:17 MINIMUM ,-2.137976978458252,0.5961618946160638
hp aaScale - Window size:17 Trimmed Average,-0.38449010143045503,0.40470683420787845
hp aaScale - Window size:7 Average-Trimmed MAX,-0.777827902037941,0.397472065457683
hp aaScale - Window size:7 Average-Trimmed MIN,-1.960603341556429,0.4194618592559465
hp aaScale - Window size:7 MAXIMUM ,0.5819958257600365,0.44674720997971035
hp aaScale - Window size:7 MINIMUM ,-3.2219907807349144,0.5151719261855799
hp aaScale - Window size:7 Trimmed Average,-0.38922100511185687,0.4076347502268588
hp2: AAAAA,14.137817473755504,7.911164185169613
hp2: AAAAC,6.180962701369068,1.3746444127443198
hp2: AAACA,6.233624885104737,1.571282174214967
hp2: AAACC,3.182115766049054,1.089062355751454
hp2: AACAA,6.596479367229453,1.9342385964738469
hp2: AACAC,3.0196857916888398,1.0851200425347909
hp2: AACCA,3.5105553674229597,1.2395970915453978
hp2: AACCC,1.550171980068695,0.9035963102178611
hp2: ACAAA,6.2054370857723375,1.5785822134900773
hp2: ACAAC,3.3593507812877936,1.3414938669086611
hp2: ACACA,2.8692071017367327,1.3647758958241192
hp2: ACACC,1.5373172560592132,0.8917259375592205
hp2: ACCAA,3.5351705287600983,1.2495013677978075
hp2: ACCAC,1.639148807508103,0.9714057251895668
hp2: ACCCA,1.586005273087901,0.9208927942778219
hp2: ACCCC,0.7598120555367422,0.7448978119325127
hp2: CAAAA,6.242927047554545,1.3794966502774606
hp2: CAAAC,3.2607227516810995,1.2245932506681627
hp2: CAACA,3.4003679067292345,1.3532326722999146
hp2: CAACC,1.892053117894635,1.0390313322110487
hp2: CACAA,2.9914387305887473,1.0913120279914417
hp2: CACAC,1.402159547191718,1.0406787001868354
hp2: CACCA,1.674739490106913,0.9855705452203471
hp2: CACCC,0.8044332639930336,0.7846274602329055
hp2: CCAAA,3.2163366552174546,1.0902392231518387
hp2: CCAAC,1.9004404721590633,1.0600875550068687
hp2: CCACA,1.496933626820183,0.8642614191804795
hp2: CCACC,0.9308151516617484,0.8723620696182632
hp2: CCCAA,1.5704182187605826,0.9108258009168546
hp2: CCCAC,0.7843190943834356,0.7637108257080897
hp2: CCCCA,0.7621179430119492,0.7490051866326296
hp2: CCCCC,0.4683832422234047,1.066428952646301
ja aaScale - Window size:17 Average-Trimmed MAX,-0.2229436798449052,0.10030491640292409
ja aaScale - Window size:17 Average-Trimmed MIN,-0.4102449543307074,0.12373152537587005
ja aaScale - Window size:17 MAXIMUM ,-0.018417197593119276,0.10037791581288003
ja aaScale - Window size:17 MINIMUM ,-0.6105569173950794,0.17579986273418463
ja aaScale - Window size:17 Trimmed Average,-0.16149538767577917,0.09776508385372913
ja aaScale - Window size:7 Average-Trimmed MAX,-0.25390434113186167,0.09988992358120656
ja aaScale - Window size:7 Average-Trimmed MIN,-0.549112154612376,0.12209551993210711
ja aaScale - Window size:7 MAXIMUM ,0.06314329253543613,0.09795972661446985
ja aaScale - Window size:7 MINIMUM ,-0.9334566715273985,0.2010864865893423
ja aaScale - Window size:7 Trimmed Average,-0.15701655098318504,0.09760556658601846
ofer14:  Mirror K-mer : AA,0.5854808669150017,0.6893037952044442
ofer14:  Mirror K-mer : AC,0.2067708383725993,0.3530710860273924
ofer14:  Mirror K-mer : AD,0.6033324464225244,0.5595091905373724
ofer14:  Mirror K-mer : AE,0.9220015964394562,0.8153881892570439
ofer14:  Mirror K-mer : AF,0.8069815200038702,0.6893711956164722
ofer14:  Mirror K-mer : AG,0.7023571670456196,0.714874168998717
ofer14:  Mirror K-mer : AH,0.23054182187605823,0.33847503470252893
ofer14:  Mirror K-mer : AI,3.0689115185525613,1.6539050315180739
ofer14:  Mirror K-mer : AK,1.4803374292487057,1.0259169071064786
ofer14:  Mirror K-mer : AN,0.48001499685549803,0.4967894453917403
ofer14:  Mirror K-mer : AP,0.5405309370615838,0.6705519747185759
ofer14:  Mirror K-mer : AQ,0.40413090803541196,0.47840635550038196
ofer14:  Mirror K-mer : AS,1.7824021576121134,1.1667816874261843
ofer14:  Mirror K-mer : AW,0.12360819505587538,0.2482439640451723
ofer14:  Mirror K-mer : CC,0.06683034202505925,0.2604429810337924
ofer14:  Mirror K-mer : CD,0.19822504958637702,0.3635880884376749
ofer14:  Mirror K-mer : CE,0.1876275942141164,0.3441620106656487
ofer14:  Mirror K-mer : CF,0.3185619950655507,0.49060359994520936
ofer14:  Mirror K-mer : CG,0.2710335736055344,0.4514877747667904
ofer14:  Mirror K-mer : CH,0.10131561124280393,0.26798085322994575
ofer14:  Mirror K-mer : CI,0.9171053650041121,0.972029528045291
ofer14:  Mirror K-mer : CK,0.47043248996178216,0.6754997087280578
ofer14:  Mirror K-mer : CN,0.169123651492429,0.3402391381527082
ofer14:  Mirror K-mer : CP,0.17073919984519376,0.35366956846823594
ofer14:  Mirror K-mer : CQ,0.11366963378646415,0.25851666098910514
ofer14:  Mirror K-mer : CS,0.5513872091335688,0.6661943364354026
ofer14:  Mirror K-mer : CW,0.047013206908228924,0.1685120285854237
ofer14:  Mirror K-mer : DD,0.43014029316433655,0.6874171929988446
ofer14:  Mirror K-mer : DE,0.9036795510618743,0.8756592444808591
ofer14:  Mirror K-mer : DF,0.7916397368293744,0.6787004478138454
ofer14:  Mirror K-mer : DG,0.7311216196603938,0.706709177804108
ofer14:  Mirror K-mer : DH,0.2453824198152,0.39647059037162413
ofer14:  Mirror K-mer : DI,2.584788592714431,1.3181408719431242
ofer14:  Mirror K-mer : DK,1.1676280779836485,0.8733456534961138
ofer14:  Mirror K-mer : DN,0.4178370664215568,0.46715859023685824
ofer14:  Mirror K-mer : DP,0.5029038266169996,0.5197772344579525
ofer14:  Mirror K-mer : DQ,0.34735111992646706,0.4245213869077982
ofer14:  Mirror K-mer : DS,1.3903159015045232,0.9276169238573106
ofer14:  Mirror K-mer : DW,0.13333946108074113,0.2605025023347833
ofer14:  Mirror K-mer : EE,0.7824113492332253,0.9750721703174255
ofer14:  Mirror K-mer : EF,0.7991263122248562,0.6689381155012859
ofer14:  Mirror K-mer : EG,0.7345747665812007,0.6636274374263088
ofer14:  Mirror K-mer : EH,0.24897319916791644,0.3539942548589497
ofer14:  Mirror K-mer : EI,3.1847334429877607,1.6797536007899454
ofer14:  Mirror K-mer : EK,1.8254731266024864,1.3616618347960265
ofer14:  Mirror K-mer : EN,0.5741795268733975,0.5665688520624101
ofer14:  Mirror K-mer : EP,0.5555773789366747,0.5995344364712059
ofer14:  Mirror K-mer : EQ,0.4667033525228581,0.5335221781371913
ofer14:  Mirror K-mer : ES,1.731285859416574,1.123002312503361
ofer14:  Mirror K-mer : EW,0.1452810700982052,0.26435396135242833
ofer14:  Mirror K-mer : FF,0.5407290406850177,0.6252713837146111
ofer14:  Mirror K-mer : FG,1.0210342992598327,0.8736102957279013
ofer14:  Mirror K-mer : FH,0.3424425523680518,0.43426662111144276
ofer14:  Mirror K-mer : FI,3.1946932901165885,1.7787156630061456
ofer14:  Mirror K-mer : FK,1.5538116201441634,0.9868683339388389
ofer14:  Mirror K-mer : FN,0.5879601857675004,0.585366014942372
ofer14:  Mirror K-mer : FP,0.658684388757196,0.6781024689124302
ofer14:  Mirror K-mer : FQ,0.4535010401044942,0.4989054600892794
ofer14:  Mirror K-mer : FS,1.966886459290794,1.1607761094051
ofer14:  Mirror K-mer : FW,0.17258187799332397,0.3141439492325334
ofer14:  Mirror K-mer : GG,0.5864462290164966,1.1169913969461027
ofer14:  Mirror K-mer : GH,0.3022052634125103,0.4808087972014172
ofer14:  Mirror K-mer : GI,2.76512892458033,1.5886612147031611
ofer14:  Mirror K-mer : GK,1.4752716365923275,1.104707021738308
ofer14:  Mirror K-mer : GN,0.6067289923080645,0.5916180721898493
ofer14:  Mirror K-mer : GP,0.48155943108703014,0.5812498973493567
ofer14:  Mirror K-mer : GQ,0.3759518165545934,0.4874451550273711
ofer14:  Mirror K-mer : GS,1.7817006917904308,1.1996654360459147
ofer14:  Mirror K-mer : GW,0.14296381403899183,0.2941170781989759
ofer14:  Mirror K-mer : HH,0.11501064292970828,0.36076978641714696
ofer14:  Mirror K-mer : HI,1.0720690822891974,0.8486591827486295
ofer14:  Mirror K-mer : HK,0.5385707029171303,0.5941679422382637
ofer14:  Mirror K-mer : HN,0.2188933771951043,0.3599704509507772
ofer14:  Mirror K-mer : HP,0.22620918194572107,0.37452488092911806
ofer14:  Mirror K-mer : HQ,0.19341081708673985,0.3566025518942322
ofer14:  Mirror K-mer : HS,0.5873578926999178,0.5980720501101964
ofer14:  Mirror K-mer : HW,0.04951768177640172,0.15318036695869622
ofer14:  Mirror K-mer : II,5.466463886604422,2.413564923544036
ofer14:  Mirror K-mer : IK,5.674630641962169,2.1385637528522197
ofer14:  Mirror K-mer : IN,1.975538919258865,1.1237772260580636
ofer14:  Mirror K-mer : IP,2.2312062793285277,1.317834259376256
ofer14:  Mirror K-mer : IQ,1.6668847660974313,1.0920305940185908
ofer14:  Mirror K-mer : IS,6.514278215857964,2.270981749342745
ofer14:  Mirror K-mer : IW,0.5452612355473854,0.6177106122451586
ofer14:  Mirror K-mer : KK,1.9714191379226937,1.5350089007755818
ofer14:  Mirror K-mer : KN,1.0374186057762085,0.7925327281812787
ofer14:  Mirror K-mer : KP,1.1398969570896424,0.9598298109317089
ofer14:  Mirror K-mer : KQ,0.9043868221179431,0.7747261077087646
ofer14:  Mirror K-mer : KS,3.2960700982052153,1.623149688103713
ofer14:  Mirror K-mer : KW,0.33198563204489384,0.4506265747709871
ofer14:  Mirror K-mer : NN,0.25086860819505585,0.46881513694865184
ofer14:  Mirror K-mer : NP,0.4741064776740361,0.5477023871352232
ofer14:  Mirror K-mer : NQ,0.3494434231532098,0.46035699626131743
ofer14:  Mirror K-mer : NS,1.1914055923757922,0.8768619590288912
ofer14:  Mirror K-mer : NW,0.11360964636447195,0.23462078321625743
ofer14:  Mirror K-mer : PP,0.43200111266992414,0.9754873392457761
ofer14:  Mirror K-mer : PQ,0.35076000193507817,0.5211354958543967
ofer14:  Mirror K-mer : PS,1.564015045232451,1.3432665626591511
ofer14:  Mirror K-mer : PW,0.10185404673213681,0.22646668728503286
ofer14:  Mirror K-mer : QQ,0.2037615499975812,0.4971243789911259
ofer14:  Mirror K-mer : QS,0.9365654782061823,0.7887361397718808
ofer14:  Mirror K-mer : QW,0.07704828019931306,0.1826586017996298
ofer14:  Mirror K-mer : SS,2.616846790189154,1.811591069148395
ofer14:  Mirror K-mer : SW,0.331191524357796,0.4520760090410833
ofer14:  Mirror K-mer : WW,0.02144719655556093,0.13543367152399785
ofer_w8: A Entropy,2.9108436517171343,0.3495487980195329
ofer_w8: AA: A Frequency,13.667418968603359,3.1783948812477365
ofer_w8: AA: C Frequency,4.6441689081321655,2.3086643354074194
ofer_w8: AA: D Frequency,12.34224408591747,4.0203288221098425
ofer_w8: AA: F Frequency,18.378395094576945,4.410182537167754
ofer_w8: AA: G Frequency,11.194697595665426,3.7804051739675955
ofer_w8: AA: K Frequency,12.402735861835422,3.5818993763188973
ofer_w8: AA: M Frequency,10.217460016448163,2.6556023844633905
ofer_w8: AA: N Frequency,17.15286539112767,4.100215026927051
ofer_w8: C Entropy,4.538839395855922,0.8228341806303747
ofer_w8: D Entropy,3.098092179461383,0.5229229440008276
ofer_w8: F Entropy,2.4907071259322224,0.391312800752306
ofer_w8: G Entropy,3.234114789983815,0.4827461201331135
ofer_w8: K Entropy,3.0695474492763632,0.4322330856270477
ofer_w8: M Entropy,3.3411183784454432,0.3978406207917812
ofer_w8: N Entropy,2.585705022662696,0.359349135812384
ofer_w8: Total Entropy,2.861438015931557,0.07344052534063647
polarizability aaScale - Window size:17 Average-Trimmed MAX,0.14656696494027985,0.009968995616562221
polarizability aaScale - Window size:17 Average-Trimmed MIN,0.12439491826213778,0.01258464748390002
polarizability aaScale - Window size:17 MAXIMUM ,0.17183560795189803,0.010014332342539657
polarizability aaScale - Window size:17 MINIMUM ,0.10221773531727645,0.01837584530022257
polarizability aaScale - Window size:17 Trimmed Average,0.1538441236900762,0.009697638205710042
polarizability aaScale - Window size:7 Average-Trimmed MAX,0.14240433354403748,0.009684731244211616
polarizability aaScale - Window size:7 Average-Trimmed MIN,0.10844194180432075,0.011970760423746594
polarizability aaScale - Window size:7 MAXIMUM ,0.18146774293869256,0.010137902640453448
polarizability aaScale - Window size:7 MINIMUM ,0.06849582230453982,0.020517371435931298
polarizability aaScale - Window size:7 Trimmed Average,0.15356294323005323,0.009521496643664022
